year,country,indicator,value_pred,model_used
2026,中国,5G覆盖率,100.0,LINEAR
2027,中国,5G覆盖率,100.0,LINEAR
2028,中国,5G覆盖率,100.0,LINEAR
2029,中国,5G覆盖率,100.0,LINEAR
2030,中国,5G覆盖率,100.0,LINEAR
2031,中国,5G覆盖率,100.0,LINEAR
2032,中国,5G覆盖率,100.0,LINEAR
2033,中国,5G覆盖率,100.0,LINEAR
2034,中国,5G覆盖率,100.0,LINEAR
2035,中国,5G覆盖率,100.0,LINEAR
2026,加拿大,5G覆盖率,100.0,LINEAR
2027,加拿大,5G覆盖率,100.0,LINEAR
2028,加拿大,5G覆盖率,100.0,LINEAR
2029,加拿大,5G覆盖率,100.0,LINEAR
2030,加拿大,5G覆盖率,100.0,LINEAR
2031,加拿大,5G覆盖率,100.0,LINEAR
2032,加拿大,5G覆盖率,100.0,LINEAR
2033,加拿大,5G覆盖率,100.0,LINEAR
2034,加拿大,5G覆盖率,100.0,LINEAR
2035,加拿大,5G覆盖率,100.0,LINEAR
2026,印度,5G覆盖率,87.00000000000364,LINEAR
2027,印度,5G覆盖率,98.18181818182711,LINEAR
2028,印度,5G覆盖率,100.0,LINEAR
2029,印度,5G覆盖率,100.0,LINEAR
2030,印度,5G覆盖率,100.0,LINEAR
2031,印度,5G覆盖率,100.0,LINEAR
2032,印度,5G覆盖率,100.0,LINEAR
2033,印度,5G覆盖率,100.0,LINEAR
2034,印度,5G覆盖率,100.0,LINEAR
2035,印度,5G覆盖率,100.0,LINEAR
2026,德国,5G覆盖率,100.0,LINEAR
2027,德国,5G覆盖率,100.0,LINEAR
2028,德国,5G覆盖率,100.0,LINEAR
2029,德国,5G覆盖率,100.0,LINEAR
2030,德国,5G覆盖率,100.0,LINEAR
2031,德国,5G覆盖率,100.0,LINEAR
2032,德国,5G覆盖率,100.0,LINEAR
2033,德国,5G覆盖率,100.0,LINEAR
2034,德国,5G覆盖率,100.0,LINEAR
2035,德国,5G覆盖率,100.0,LINEAR
2026,日本,5G覆盖率,100.0,LINEAR
2027,日本,5G覆盖率,100.0,LINEAR
2028,日本,5G覆盖率,100.0,LINEAR
2029,日本,5G覆盖率,100.0,LINEAR
2030,日本,5G覆盖率,100.0,LINEAR
2031,日本,5G覆盖率,100.0,LINEAR
2032,日本,5G覆盖率,100.0,LINEAR
2033,日本,5G覆盖率,100.0,LINEAR
2034,日本,5G覆盖率,100.0,LINEAR
2035,日本,5G覆盖率,100.0,LINEAR
2026,法国,5G覆盖率,100.0,LINEAR
2027,法国,5G覆盖率,100.0,LINEAR
2028,法国,5G覆盖率,100.0,LINEAR
2029,法国,5G覆盖率,100.0,LINEAR
2030,法国,5G覆盖率,100.0,LINEAR
2031,法国,5G覆盖率,100.0,LINEAR
2032,法国,5G覆盖率,100.0,LINEAR
2033,法国,5G覆盖率,100.0,LINEAR
2034,法国,5G覆盖率,100.0,LINEAR
2035,法国,5G覆盖率,100.0,LINEAR
2026,美国,5G覆盖率,100.0,LINEAR
2027,美国,5G覆盖率,100.0,LINEAR
2028,美国,5G覆盖率,100.0,LINEAR
2029,美国,5G覆盖率,100.0,LINEAR
2030,美国,5G覆盖率,100.0,LINEAR
2031,美国,5G覆盖率,100.0,LINEAR
2032,美国,5G覆盖率,100.0,LINEAR
2033,美国,5G覆盖率,100.0,LINEAR
2034,美国,5G覆盖率,100.0,LINEAR
2035,美国,5G覆盖率,100.0,LINEAR
2026,英国,5G覆盖率,100.0,LINEAR
2027,英国,5G覆盖率,100.0,LINEAR
2028,英国,5G覆盖率,100.0,LINEAR
2029,英国,5G覆盖率,100.0,LINEAR
2030,英国,5G覆盖率,100.0,LINEAR
2031,英国,5G覆盖率,100.0,LINEAR
2032,英国,5G覆盖率,100.0,LINEAR
2033,英国,5G覆盖率,100.0,LINEAR
2034,英国,5G覆盖率,100.0,LINEAR
2035,英国,5G覆盖率,100.0,LINEAR
2026,阿联酋,5G覆盖率,100.0,LINEAR
2027,阿联酋,5G覆盖率,100.0,LINEAR
2028,阿联酋,5G覆盖率,100.0,LINEAR
2029,阿联酋,5G覆盖率,100.0,LINEAR
2030,阿联酋,5G覆盖率,100.0,LINEAR
2031,阿联酋,5G覆盖率,100.0,LINEAR
2032,阿联酋,5G覆盖率,100.0,LINEAR
2033,阿联酋,5G覆盖率,100.0,LINEAR
2034,阿联酋,5G覆盖率,100.0,LINEAR
2035,阿联酋,5G覆盖率,100.0,LINEAR
2026,韩国,5G覆盖率,100.0,LINEAR
2027,韩国,5G覆盖率,100.0,LINEAR
2028,韩国,5G覆盖率,100.0,LINEAR
2029,韩国,5G覆盖率,100.0,LINEAR
2030,韩国,5G覆盖率,100.0,LINEAR
2031,韩国,5G覆盖率,100.0,LINEAR
2032,韩国,5G覆盖率,100.0,LINEAR
2033,韩国,5G覆盖率,100.0,LINEAR
2034,韩国,5G覆盖率,100.0,LINEAR
2035,韩国,5G覆盖率,100.0,LINEAR
2026,中国,AI_Book数量,10.686666666666497,LINEAR
2027,中国,AI_Book数量,9.402424242423876,LINEAR
2028,中国,AI_Book数量,8.118181818180801,LINEAR
2029,中国,AI_Book数量,6.833939393938181,LINEAR
2030,中国,AI_Book数量,5.5496969696951055,LINEAR
2031,中国,AI_Book数量,4.265454545452485,LINEAR
2032,中国,AI_Book数量,2.9812121212098646,LINEAR
2033,中国,AI_Book数量,1.6969696969667893,LINEAR
2034,中国,AI_Book数量,0.41272727272416887,LINEAR
2035,中国,AI_Book数量,0.0,LINEAR
2026,加拿大,AI_Book数量,4.73333333333278,LINEAR
2027,加拿大,AI_Book数量,4.4521212121205735,LINEAR
2028,加拿大,AI_Book数量,4.170909090908367,LINEAR
2029,加拿大,AI_Book数量,3.889696969696047,LINEAR
2030,加拿大,AI_Book数量,3.6084848484838403,LINEAR
2031,加拿大,AI_Book数量,3.327272727271634,LINEAR
2032,加拿大,AI_Book数量,3.0460606060593136,LINEAR
2033,加拿大,AI_Book数量,2.764848484847107,LINEAR
2034,加拿大,AI_Book数量,2.483636363634787,LINEAR
2035,加拿大,AI_Book数量,2.2024242424225804,LINEAR
2026,印度,AI_Book数量,6.119999999998072,LINEAR
2027,印度,AI_Book数量,4.309090909088809,LINEAR
2028,印度,AI_Book数量,2.4981818181790914,LINEAR
2029,印度,AI_Book数量,0.6872727272693737,LINEAR
2030,印度,AI_Book数量,0.0,LINEAR
2031,印度,AI_Book数量,0.0,LINEAR
2032,印度,AI_Book数量,0.0,LINEAR
2033,印度,AI_Book数量,0.0,LINEAR
2034,印度,AI_Book数量,0.0,LINEAR
2035,印度,AI_Book数量,0.0,LINEAR
2026,德国,AI_Book数量,8.32666666666637,LINEAR
2027,德国,AI_Book数量,7.280606060605351,LINEAR
2028,德国,AI_Book数量,6.2345454545447865,LINEAR
2029,德国,AI_Book数量,5.188484848483768,LINEAR
2030,德国,AI_Book数量,4.142424242422749,LINEAR
2031,德国,AI_Book数量,3.0963636363621845,LINEAR
2032,德国,AI_Book数量,2.0503030303011656,LINEAR
2033,德国,AI_Book数量,1.0042424242406014,LINEAR
2034,德国,AI_Book数量,0.0,LINEAR
2035,德国,AI_Book数量,0.0,LINEAR
2026,日本,AI_Book数量,3.113333333333685,LINEAR
2027,日本,AI_Book数量,2.4466666666669425,LINEAR
2028,日本,AI_Book数量,1.7799999999999727,LINEAR
2029,日本,AI_Book数量,1.1133333333332303,LINEAR
2030,日本,AI_Book数量,0.4466666666664878,LINEAR
2031,日本,AI_Book数量,0.0,LINEAR
2032,日本,AI_Book数量,0.0,LINEAR
2033,日本,AI_Book数量,0.0,LINEAR
2034,日本,AI_Book数量,0.0,LINEAR
2035,日本,AI_Book数量,0.0,LINEAR
2026,法国,AI_Book数量,2.6733333333336304,LINEAR
2027,法国,AI_Book数量,1.5393939393939036,LINEAR
2028,法国,AI_Book数量,0.40545454545463144,LINEAR
2029,法国,AI_Book数量,0.0,LINEAR
2030,法国,AI_Book数量,0.0,LINEAR
2031,法国,AI_Book数量,0.0,LINEAR
2032,法国,AI_Book数量,0.0,LINEAR
2033,法国,AI_Book数量,0.0,LINEAR
2034,法国,AI_Book数量,0.0,LINEAR
2035,法国,AI_Book数量,0.0,LINEAR
2026,美国,AI_Book数量,16.206666666664205,LINEAR
2027,美国,AI_Book数量,13.380606060602076,LINEAR
2028,美国,AI_Book数量,10.554545454540857,LINEAR
2029,美国,AI_Book数量,7.7284848484796385,LINEAR
2030,美国,AI_Book数量,4.90242424241751,LINEAR
2031,美国,AI_Book数量,2.076363636356291,LINEAR
2032,美国,AI_Book数量,0.0,LINEAR
2033,美国,AI_Book数量,0.0,LINEAR
2034,美国,AI_Book数量,0.0,LINEAR
2035,美国,AI_Book数量,0.0,LINEAR
2026,英国,AI_Book数量,3.153333333332739,LINEAR
2027,英国,AI_Book数量,1.6230303030297364,LINEAR
2028,英国,AI_Book数量,0.0927272727262789,LINEAR
2029,英国,AI_Book数量,0.0,LINEAR
2030,英国,AI_Book数量,0.0,LINEAR
2031,英国,AI_Book数量,0.0,LINEAR
2032,英国,AI_Book数量,0.0,LINEAR
2033,英国,AI_Book数量,0.0,LINEAR
2034,英国,AI_Book数量,0.0,LINEAR
2035,英国,AI_Book数量,0.0,LINEAR
2026,阿联酋,AI_Book数量,0.9733333333333007,LINEAR
2027,阿联酋,AI_Book数量,1.0630303030303025,LINEAR
2028,阿联酋,AI_Book数量,1.152727272727276,LINEAR
2029,阿联酋,AI_Book数量,1.2424242424242777,LINEAR
2030,阿联酋,AI_Book数量,1.3321212121212511,LINEAR
2031,阿联酋,AI_Book数量,1.421818181818253,LINEAR
2032,阿联酋,AI_Book数量,1.5115151515152263,LINEAR
2033,阿联酋,AI_Book数量,1.6012121212122281,LINEAR
2034,阿联酋,AI_Book数量,1.6909090909092015,LINEAR
2035,阿联酋,AI_Book数量,1.7806060606062033,LINEAR
2026,韩国,AI_Book数量,1.213333333333594,LINEAR
2027,韩国,AI_Book数量,0.9812121212123657,LINEAR
2028,韩国,AI_Book数量,0.7490909090911941,LINEAR
2029,韩国,AI_Book数量,0.5169696969699658,LINEAR
2030,韩国,AI_Book数量,0.28484848484873737,LINEAR
2031,韩国,AI_Book数量,0.05272727272756583,LINEAR
2032,韩国,AI_Book数量,0.0,LINEAR
2033,韩国,AI_Book数量,0.0,LINEAR
2034,韩国,AI_Book数量,0.0,LINEAR
2035,韩国,AI_Book数量,0.0,LINEAR
2026,中国,AI_Dataset数量,34.48666666666486,LINEAR
2027,中国,AI_Dataset数量,36.76969696969536,LINEAR
2028,中国,AI_Dataset数量,39.05272727272495,LINEAR
2029,中国,AI_Dataset数量,41.33575757575545,LINEAR
2030,中国,AI_Dataset数量,43.61878787878595,LINEAR
2031,中国,AI_Dataset数量,45.90181818181645,LINEAR
2032,中国,AI_Dataset数量,48.18484848484695,LINEAR
2033,中国,AI_Dataset数量,50.46787878787745,LINEAR
2034,中国,AI_Dataset数量,52.75090909090795,LINEAR
2035,中国,AI_Dataset数量,55.033939393938454,LINEAR
2026,加拿大,AI_Dataset数量,14.713333333331434,LINEAR
2027,加拿大,AI_Dataset数量,15.028484848482663,LINEAR
2028,加拿大,AI_Dataset数量,15.343636363633891,LINEAR
2029,加拿大,AI_Dataset数量,15.65878787878512,LINEAR
2030,加拿大,AI_Dataset数量,15.973939393936348,LINEAR
2031,加拿大,AI_Dataset数量,16.289090909087577,LINEAR
2032,加拿大,AI_Dataset数量,16.604242424238805,LINEAR
2033,加拿大,AI_Dataset数量,16.919393939390034,LINEAR
2034,加拿大,AI_Dataset数量,17.234545454541262,LINEAR
2035,加拿大,AI_Dataset数量,17.54969696969249,LINEAR
2026,印度,AI_Dataset数量,7.646666666665851,LINEAR
2027,印度,AI_Dataset数量,7.702424242423291,LINEAR
2028,印度,AI_Dataset数量,7.758181818180731,LINEAR
2029,印度,AI_Dataset数量,7.813939393938156,LINEAR
2030,印度,AI_Dataset数量,7.869696969695596,LINEAR
2031,印度,AI_Dataset数量,7.925454545453036,LINEAR
2032,印度,AI_Dataset数量,7.981212121210476,LINEAR
2033,印度,AI_Dataset数量,8.036969696967901,LINEAR
2034,印度,AI_Dataset数量,8.092727272725341,LINEAR
2035,印度,AI_Dataset数量,8.14848484848278,LINEAR
2026,德国,AI_Dataset数量,94.9599999999914,LINEAR
2027,德国,AI_Dataset数量,96.57818181817174,LINEAR
2028,德国,AI_Dataset数量,98.19636363635254,LINEAR
2029,德国,AI_Dataset数量,99.81454545453289,LINEAR
2030,德国,AI_Dataset数量,101.43272727271324,LINEAR
2031,德国,AI_Dataset数量,103.05090909089404,LINEAR
2032,德国,AI_Dataset数量,104.66909090907438,LINEAR
2033,德国,AI_Dataset数量,106.28727272725473,LINEAR
2034,德国,AI_Dataset数量,107.90545454543553,LINEAR
2035,德国,AI_Dataset数量,109.52363636361588,LINEAR
2026,日本,AI_Dataset数量,14.286666666665724,LINEAR
2027,日本,AI_Dataset数量,14.647878787877744,LINEAR
2028,日本,AI_Dataset数量,15.009090909089764,LINEAR
2029,日本,AI_Dataset数量,15.37030303030167,LINEAR
2030,日本,AI_Dataset数量,15.73151515151369,LINEAR
2031,日本,AI_Dataset数量,16.09272727272571,LINEAR
2032,日本,AI_Dataset数量,16.453939393937617,LINEAR
2033,日本,AI_Dataset数量,16.815151515149637,LINEAR
2034,日本,AI_Dataset数量,17.176363636361657,LINEAR
2035,日本,AI_Dataset数量,17.537575757573677,LINEAR
2026,法国,AI_Dataset数量,54.59333333332603,LINEAR
2027,法国,AI_Dataset数量,54.80484848483991,LINEAR
2028,法国,AI_Dataset数量,55.01636363635379,LINEAR
2029,法国,AI_Dataset数量,55.22787878786761,LINEAR
2030,法国,AI_Dataset数量,55.43939393938149,LINEAR
2031,法国,AI_Dataset数量,55.65090909089531,LINEAR
2032,法国,AI_Dataset数量,55.86242424240919,LINEAR
2033,法国,AI_Dataset数量,56.07393939392307,LINEAR
2034,法国,AI_Dataset数量,56.28545454543689,LINEAR
2035,法国,AI_Dataset数量,56.49696969695077,LINEAR
2026,美国,AI_Dataset数量,91.6399999999951,LINEAR
2027,美国,AI_Dataset数量,92.34181818181241,LINEAR
2028,美国,AI_Dataset数量,93.04363636362973,LINEAR
2029,美国,AI_Dataset数量,93.74545454544705,LINEAR
2030,美国,AI_Dataset数量,94.44727272726436,LINEAR
2031,美国,AI_Dataset数量,95.1490909090819,LINEAR
2032,美国,AI_Dataset数量,95.85090909089922,LINEAR
2033,美国,AI_Dataset数量,96.55272727271654,LINEAR
2034,美国,AI_Dataset数量,97.25454545453385,LINEAR
2035,美国,AI_Dataset数量,97.95636363635117,LINEAR
2026,英国,AI_Dataset数量,42.38666666666313,LINEAR
2027,英国,AI_Dataset数量,43.6442424242382,LINEAR
2028,英国,AI_Dataset数量,44.901818181813724,LINEAR
2029,英国,AI_Dataset数量,46.15939393938879,LINEAR
2030,英国,AI_Dataset数量,47.416969696964316,LINEAR
2031,英国,AI_Dataset数量,48.674545454539384,LINEAR
2032,英国,AI_Dataset数量,49.93212121211491,LINEAR
2033,英国,AI_Dataset数量,51.189696969689976,LINEAR
2034,英国,AI_Dataset数量,52.4472727272655,LINEAR
2035,英国,AI_Dataset数量,53.70484848484057,LINEAR
2026,阿联酋,AI_Dataset数量,0.6333333333333542,LINEAR
2027,阿联酋,AI_Dataset数量,0.7103030303030664,LINEAR
2028,阿联酋,AI_Dataset数量,0.7872727272727786,LINEAR
2029,阿联酋,AI_Dataset数量,0.8642424242424909,LINEAR
2030,阿联酋,AI_Dataset数量,0.9412121212122031,LINEAR
2031,阿联酋,AI_Dataset数量,1.0,LINEAR
2032,阿联酋,AI_Dataset数量,1.0,LINEAR
2033,阿联酋,AI_Dataset数量,1.0,LINEAR
2034,阿联酋,AI_Dataset数量,1.0,LINEAR
2035,阿联酋,AI_Dataset数量,1.0,LINEAR
2026,韩国,AI_Dataset数量,3.3733333333327806,LINEAR
2027,韩国,AI_Dataset数量,3.3175757575750993,LINEAR
2028,韩国,AI_Dataset数量,3.261818181817418,LINEAR
2029,韩国,AI_Dataset数量,3.2060606060597365,LINEAR
2030,韩国,AI_Dataset数量,3.150303030302055,LINEAR
2031,韩国,AI_Dataset数量,3.094545454544374,LINEAR
2032,韩国,AI_Dataset数量,3.0387878787866924,LINEAR
2033,韩国,AI_Dataset数量,2.983030303028997,LINEAR
2034,韩国,AI_Dataset数量,2.9272727272713155,LINEAR
2035,韩国,AI_Dataset数量,2.871515151513634,LINEAR
2026,中国,AI企业数量,5901.133333333186,LINEAR
2027,中国,AI企业数量,6421.139393939287,LINEAR
2028,中国,AI企业数量,6941.145454545622,LINEAR
2029,中国,AI企业数量,7461.151515151723,LINEAR
2030,中国,AI企业数量,7981.157575757825,LINEAR
2031,中国,AI企业数量,8501.163636363926,LINEAR
2032,中国,AI企业数量,9021.169696970028,LINEAR
2033,中国,AI企业数量,9541.17575757613,LINEAR
2034,中国,AI企业数量,10061.181818182464,LINEAR
2035,中国,AI企业数量,10581.187878788565,LINEAR
2026,加拿大,AI企业数量,2498.333333333372,LINEAR
2027,加拿大,AI企业数量,2789.248484848533,LINEAR
2028,加拿大,AI企业数量,3080.1636363636935,LINEAR
2029,加拿大,AI企业数量,3371.0787878789706,LINEAR
2030,加拿大,AI企业数量,3661.9939393941313,LINEAR
2031,加拿大,AI企业数量,3952.9090909094084,LINEAR
2032,加拿大,AI企业数量,4243.824242424569,LINEAR
2033,加拿大,AI企业数量,4534.73939393973,LINEAR
2034,加拿大,AI企业数量,4825.654545455007,LINEAR
2035,加拿大,AI企业数量,5116.569696970168,LINEAR
2026,印度,AI企业数量,5706.659572860131,GM11
2027,印度,AI企业数量,6514.630660830298,GM11
2028,印度,AI企业数量,7436.997442228596,GM11
2029,印度,AI企业数量,8489.956504865855,GM11
2030,印度,AI企业数量,9691.997612535757,GM11
2031,印度,AI企业数量,11064.228381801717,GM11
2032,印度,AI企业数量,12630.744927787688,GM11
2033,印度,AI企业数量,14419.054987443727,GM11
2034,印度,AI企业数量,16460.560950251267,GM11
2035,印度,AI企业数量,18791.111278296827,GM11
2026,德国,AI企业数量,902.7846118942798,GM11
2027,德国,AI企业数量,1002.2288956504563,GM11
2028,德国,AI企业数量,1112.6272491165983,GM11
2029,德国,AI企业数量,1235.1862941183153,GM11
2030,德国,AI企业数量,1371.2455652951994,GM11
2031,德国,AI企业数量,1522.2921508240415,GM11
2032,德国,AI企业数量,1689.9769458591545,GM11
2033,德国,AI企业数量,1876.1326963352112,GM11
2034,德国,AI企业数量,2082.7940303461273,GM11
2035,德国,AI企业数量,2312.219696037093,GM11
2026,日本,AI企业数量,3188.2148415694573,GM11
2027,日本,AI企业数量,3791.2965013481917,GM11
2028,日本,AI企业数量,4508.4568874471515,GM11
2029,日本,AI企业数量,5361.275093821227,GM11
2030,日本,AI企业数量,6375.412108665703,GM11
2031,日本,AI企业数量,7581.382944174045,GM11
2032,日本,AI企业数量,9015.474822104028,GM11
2033,日本,AI企业数量,10720.839043020642,GM11
2034,日本,AI企业数量,12748.789393161678,GM11
2035,日本,AI企业数量,15160.346157514665,GM11
2026,法国,AI企业数量,748.918476803723,GM11
2027,法国,AI企业数量,794.2035211603452,GM11
2028,法国,AI企业数量,842.2268278324227,GM11
2029,法国,AI企业数量,893.1539720250821,GM11
2030,法国,AI企业数量,947.160540821551,GM11
2031,法国,AI企业数量,1004.432738573978,GM11
2032,法国,AI企业数量,1065.1680289004908,GM11
2033,法国,AI企业数量,1129.5758155021504,GM11
2034,法国,AI企业数量,1197.8781641469504,GM11
2035,法国,AI企业数量,1270.310568310273,GM11
2026,美国,AI企业数量,6388.983038852311,GM11
2027,美国,AI企业数量,6683.581456979038,GM11
2028,美国,AI企业数量,6991.763919301011,GM11
2029,美国,AI企业数量,7314.156791220739,GM11
2030,美国,AI企业数量,7651.4153200853325,GM11
2031,美国,AI企业数量,8004.224966944661,GM11
2032,美国,AI企业数量,8373.30279971601,GM11
2033,美国,AI企业数量,8759.398950588773,GM11
2034,美国,AI企业数量,9163.298140630708,GM11
2035,美国,AI企业数量,9585.821274694055,GM11
2026,英国,AI企业数量,4421.333333333372,LINEAR
2027,英国,AI企业数量,4893.57575757592,LINEAR
2028,英国,AI企业数量,5365.818181818468,LINEAR
2029,英国,AI企业数量,5838.060606061015,LINEAR
2030,英国,AI企业数量,6310.303030303447,LINEAR
2031,英国,AI企业数量,6782.545454545994,LINEAR
2032,英国,AI企业数量,7254.787878788542,LINEAR
2033,英国,AI企业数量,7727.030303030973,LINEAR
2034,英国,AI企业数量,8199.272727273521,LINEAR
2035,英国,AI企业数量,8671.515151516069,LINEAR
2026,阿联酋,AI企业数量,848.3951937247675,GM11
2027,阿联酋,AI企业数量,1083.568598587441,GM11
2028,阿联酋,AI企业数量,1383.931588166979,GM11
2029,阿联酋,AI企业数量,1767.5545814295,GM11
2030,阿联酋,AI企业数量,2257.5170803569135,GM11
2031,阿联酋,AI企业数量,2883.2961774688247,GM11
2032,阿联酋,AI企业数量,3682.539954777223,GM11
2033,阿联酋,AI企业数量,4703.3324652882475,GM11
2034,阿联酋,AI企业数量,6007.086562723438,GM11
2035,阿联酋,AI企业数量,7672.238617696952,GM11
2026,韩国,AI企业数量,2728.20000000007,LINEAR
2027,韩国,AI企业数量,3031.345454545575,LINEAR
2028,韩国,AI企业数量,3334.4909090910805,LINEAR
2029,韩国,AI企业数量,3637.636363636586,LINEAR
2030,韩国,AI企业数量,3940.7818181820912,LINEAR
2031,韩国,AI企业数量,4243.927272727597,LINEAR
2032,韩国,AI企业数量,4547.072727273102,LINEAR
2033,韩国,AI企业数量,4850.218181818607,LINEAR
2034,韩国,AI企业数量,5153.363636364113,LINEAR
2035,韩国,AI企业数量,5456.509090909618,LINEAR
2026,中国,AI市场规模,128.00000000000364,LINEAR
2027,中国,AI市场规模,142.31818181818744,LINEAR
2028,中国,AI市场规模,156.63636363637488,LINEAR
2029,中国,AI市场规模,170.95454545455868,LINEAR
2030,中国,AI市场规模,185.2727272727425,LINEAR
2031,中国,AI市场规模,199.5909090909263,LINEAR
2032,中国,AI市场规模,213.9090909091101,LINEAR
2033,中国,AI市场规模,228.2272727272939,LINEAR
2034,中国,AI市场规模,242.54545454548133,LINEAR
2035,中国,AI市场规模,256.86363636366514,LINEAR
2026,加拿大,AI市场规模,8.106666666666797,LINEAR
2027,加拿大,AI市场规模,9.018787878788089,LINEAR
2028,加拿大,AI市场规模,9.930909090909381,LINEAR
2029,加拿大,AI市场规模,10.8430303030309,LINEAR
2030,加拿大,AI市场规模,11.755151515152193,LINEAR
2031,加拿大,AI市场规模,12.667272727273712,LINEAR
2032,加拿大,AI市场规模,13.579393939395004,LINEAR
2033,加拿大,AI市场规模,14.491515151516296,LINEAR
2034,加拿大,AI市场规模,15.403636363637816,LINEAR
2035,加拿大,AI市场规模,16.315757575759108,LINEAR
2026,印度,AI市场规模,17.781756886644317,GM11
2027,印度,AI市场规模,27.133001698275564,GM11
2028,印度,AI市场规模,41.40197089926356,GM11
2029,印度,AI市场规模,63.17484565124245,GM11
2030,印度,AI市场规模,96.39785344444334,GM11
2031,印度,AI市场规模,147.09250260769943,GM11
2032,印度,AI市场规模,224.4469513614793,GM11
2033,印度,AI市场规模,342.4813167386103,GM11
2034,印度,AI市场规模,522.5887525026237,GM11
2035,印度,AI市场规模,797.4128540584952,GM11
2026,德国,AI市场规模,21.920000000000073,LINEAR
2027,德国,AI市场规模,24.407272727273266,LINEAR
2028,德国,AI市场规模,26.89454545454646,LINEAR
2029,德国,AI市场规模,29.381818181819654,LINEAR
2030,德国,AI市场规模,31.869090909092847,LINEAR
2031,德国,AI市场规模,34.35636363636604,LINEAR
2032,德国,AI市场规模,36.843636363639234,LINEAR
2033,德国,AI市场规模,39.33090909091243,LINEAR
2034,德国,AI市场规模,41.81818181818562,LINEAR
2035,德国,AI市场规模,44.305454545458815,LINEAR
2026,日本,AI市场规模,16.24000000000069,LINEAR
2027,日本,AI市场规模,18.078181818182657,LINEAR
2028,日本,AI市场规模,19.916363636365077,LINEAR
2029,日本,AI市场规模,21.754545454547042,LINEAR
2030,日本,AI市场规模,23.592727272729007,LINEAR
2031,日本,AI市场规模,25.430909090911427,LINEAR
2032,日本,AI市场规模,27.269090909093393,LINEAR
2033,日本,AI市场规模,29.107272727275813,LINEAR
2034,日本,AI市场规模,30.94545454545778,LINEAR
2035,日本,AI市场规模,32.7836363636402,LINEAR
2026,法国,AI市场规模,10.960000000000036,LINEAR
2027,法国,AI市场规模,12.203636363636633,LINEAR
2028,法国,AI市场规模,13.44727272727323,LINEAR
2029,法国,AI市场规模,14.690909090909827,LINEAR
2030,法国,AI市场规模,15.934545454546424,LINEAR
2031,法国,AI市场规模,17.17818181818302,LINEAR
2032,法国,AI市场规模,18.421818181819617,LINEAR
2033,法国,AI市场规模,19.665454545456214,LINEAR
2034,法国,AI市场规模,20.90909090909281,LINEAR
2035,法国,AI市场规模,22.152727272729408,LINEAR
2026,美国,AI市场规模,598.8483966741619,GM11
2027,美国,AI市场规模,880.9758054155011,GM11
2028,美国,AI市场规模,1296.018114163513,GM11
2029,美国,AI市场规模,1906.5937360762805,GM11
2030,美国,AI市场规模,2804.821656980863,GM11
2031,美国,AI市场规模,4126.219644285082,GM11
2032,美国,AI市场规模,6070.150132543809,GM11
2033,美国,AI市场规模,8929.898504713707,GM11
2034,美国,AI市场规模,13136.921750413148,GM11
2035,美国,AI市场规模,19325.943400743206,GM11
2026,英国,AI市场规模,27.600000000000364,LINEAR
2027,英国,AI市场规模,30.73636363636433,LINEAR
2028,英国,AI市场规模,33.87272727272921,LINEAR
2029,英国,AI市场规模,37.009090909093175,LINEAR
2030,英国,AI市场规模,40.14545454545714,LINEAR
2031,英国,AI市场规模,43.28181818182111,LINEAR
2032,英国,AI市场规模,46.418181818185985,LINEAR
2033,英国,AI市场规模,49.55454545454995,LINEAR
2034,英国,AI市场规模,52.69090909091392,LINEAR
2035,英国,AI市场规模,55.82727272727789,LINEAR
2026,阿联酋,AI市场规模,7.733333333333803,LINEAR
2027,阿联酋,AI市场规模,8.646666666667215,LINEAR
2028,阿联酋,AI市场规模,9.560000000000855,LINEAR
2029,阿联酋,AI市场规模,10.473333333334267,LINEAR
2030,阿联酋,AI市场规模,11.386666666667907,LINEAR
2031,阿联酋,AI市场规模,12.300000000001319,LINEAR
2032,阿联酋,AI市场规模,13.213333333334958,LINEAR
2033,阿联酋,AI市场规模,14.12666666666837,LINEAR
2034,阿联酋,AI市场规模,15.040000000001783,LINEAR
2035,阿联酋,AI市场规模,15.953333333335422,LINEAR
2026,韩国,AI市场规模,13.406666666666752,LINEAR
2027,韩国,AI市场规模,14.922424242424768,LINEAR
2028,韩国,AI市场规模,16.43818181818233,LINEAR
2029,韩国,AI市场规模,17.953939393940345,LINEAR
2030,韩国,AI市场规模,19.469696969697907,LINEAR
2031,韩国,AI市场规模,20.985454545455923,LINEAR
2032,韩国,AI市场规模,22.50121212121394,LINEAR
2033,韩国,AI市场规模,24.0169696969715,LINEAR
2034,韩国,AI市场规模,25.532727272729517,LINEAR
2035,韩国,AI市场规模,27.048484848487533,LINEAR
2026,中国,AI应用渗透率,82.28666666666686,LINEAR
2027,中国,AI应用渗透率,90.13333333333321,LINEAR
2028,中国,AI应用渗透率,97.98000000000138,LINEAR
2029,中国,AI应用渗透率,100.0,LINEAR
2030,中国,AI应用渗透率,100.0,LINEAR
2031,中国,AI应用渗透率,100.0,LINEAR
2032,中国,AI应用渗透率,100.0,LINEAR
2033,中国,AI应用渗透率,100.0,LINEAR
2034,中国,AI应用渗透率,100.0,LINEAR
2035,中国,AI应用渗透率,100.0,LINEAR
2026,加拿大,AI应用渗透率,45.066666666667516,LINEAR
2027,加拿大,AI应用渗透率,49.98424242424335,LINEAR
2028,加拿大,AI应用渗透率,54.901818181821,LINEAR
2029,加拿大,AI应用渗透率,59.81939393939683,LINEAR
2030,加拿大,AI应用渗透率,64.73696969697266,LINEAR
2031,加拿大,AI应用渗透率,69.65454545455032,LINEAR
2032,加拿大,AI应用渗透率,74.57212121212615,LINEAR
2033,加拿大,AI应用渗透率,79.4896969697038,LINEAR
2034,加拿大,AI应用渗透率,84.40727272727963,LINEAR
2035,加拿大,AI应用渗透率,89.32484848485728,LINEAR
2026,印度,AI应用渗透率,79.44000000000233,LINEAR
2027,印度,AI应用渗透率,88.43272727273143,LINEAR
2028,印度,AI应用渗透率,97.42545454546052,LINEAR
2029,印度,AI应用渗透率,100.0,LINEAR
2030,印度,AI应用渗透率,100.0,LINEAR
2031,印度,AI应用渗透率,100.0,LINEAR
2032,印度,AI应用渗透率,100.0,LINEAR
2033,印度,AI应用渗透率,100.0,LINEAR
2034,印度,AI应用渗透率,100.0,LINEAR
2035,印度,AI应用渗透率,100.0,LINEAR
2026,德国,AI应用渗透率,47.49333333333561,LINEAR
2027,德国,AI应用渗透率,52.92303030303265,LINEAR
2028,德国,AI应用渗透率,58.3527272727315,LINEAR
2029,德国,AI应用渗透率,63.78242424242853,LINEAR
2030,德国,AI应用渗透率,69.21212121212739,LINEAR
2031,德国,AI应用渗透率,74.64181818182442,LINEAR
2032,德国,AI应用渗透率,80.07151515152327,LINEAR
2033,德国,AI应用渗透率,85.5012121212203,LINEAR
2034,德国,AI应用渗透率,90.93090909091916,LINEAR
2035,德国,AI应用渗透率,96.36060606061619,LINEAR
2026,日本,AI应用渗透率,46.220000000001164,LINEAR
2027,日本,AI应用渗透率,51.30909090909336,LINEAR
2028,日本,AI应用渗透率,56.39818181818373,LINEAR
2029,日本,AI应用渗透率,61.48727272727592,LINEAR
2030,日本,AI应用渗透率,66.57636363636811,LINEAR
2031,日本,AI应用渗透率,71.6654545454603,LINEAR
2032,日本,AI应用渗透率,76.7545454545525,LINEAR
2033,日本,AI应用渗透率,81.84363636364287,LINEAR
2034,日本,AI应用渗透率,86.93272727273506,LINEAR
2035,日本,AI应用渗透率,92.02181818182726,LINEAR
2026,法国,AI应用渗透率,41.76666666666824,LINEAR
2027,法国,AI应用渗透率,46.511515151516505,LINEAR
2028,法国,AI应用渗透率,51.256363636366586,LINEAR
2029,法国,AI应用渗透率,56.00121212121667,LINEAR
2030,法国,AI应用渗透率,60.74606060606493,LINEAR
2031,法国,AI应用渗透率,65.49090909091501,LINEAR
2032,法国,AI应用渗透率,70.23575757576327,LINEAR
2033,法国,AI应用渗透率,74.98060606061335,LINEAR
2034,法国,AI应用渗透率,79.72545454546344,LINEAR
2035,法国,AI应用渗透率,84.4703030303117,LINEAR
2026,美国,AI应用渗透率,6.333333333333485,LINEAR
2027,美国,AI应用渗透率,6.810303030303203,LINEAR
2028,美国,AI应用渗透率,7.287272727273034,LINEAR
2029,美国,AI应用渗透率,7.764242424242752,LINEAR
2030,美国,AI应用渗透率,8.24121212121247,LINEAR
2031,美国,AI应用渗透率,8.718181818182302,LINEAR
2032,美国,AI应用渗透率,9.19515151515202,LINEAR
2033,美国,AI应用渗透率,9.672121212121738,LINEAR
2034,美国,AI应用渗透率,10.14909090909157,LINEAR
2035,美国,AI应用渗透率,10.626060606061287,LINEAR
2026,英国,AI应用渗透率,42.326666666665915,LINEAR
2027,英国,AI应用渗透率,46.90060606060615,LINEAR
2028,英国,AI应用渗透率,51.47454545454639,LINEAR
2029,英国,AI应用渗透率,56.04848484848662,LINEAR
2030,英国,AI应用渗透率,60.62242424242686,LINEAR
2031,英国,AI应用渗透率,65.1963636363671,LINEAR
2032,英国,AI应用渗透率,69.77030303030733,LINEAR
2033,英国,AI应用渗透率,74.34424242424757,LINEAR
2034,英国,AI应用渗透率,78.91818181818599,LINEAR
2035,英国,AI应用渗透率,83.49212121212622,LINEAR
2026,阿联酋,AI应用渗透率,92.8666666666686,LINEAR
2027,阿联酋,AI应用渗透率,100.0,LINEAR
2028,阿联酋,AI应用渗透率,100.0,LINEAR
2029,阿联酋,AI应用渗透率,100.0,LINEAR
2030,阿联酋,AI应用渗透率,100.0,LINEAR
2031,阿联酋,AI应用渗透率,100.0,LINEAR
2032,阿联酋,AI应用渗透率,100.0,LINEAR
2033,阿联酋,AI应用渗透率,100.0,LINEAR
2034,阿联酋,AI应用渗透率,100.0,LINEAR
2035,阿联酋,AI应用渗透率,100.0,LINEAR
2026,韩国,AI应用渗透率,38.386666666665406,LINEAR
2027,韩国,AI应用渗透率,42.68606060605998,LINEAR
2028,韩国,AI应用渗透率,46.98545454545456,LINEAR
2029,韩国,AI应用渗透率,51.284848484850954,LINEAR
2030,韩国,AI应用渗透率,55.58424242424553,LINEAR
2031,韩国,AI应用渗透率,59.88363636364011,LINEAR
2032,韩国,AI应用渗透率,64.18303030303468,LINEAR
2033,韩国,AI应用渗透率,68.48242424242926,LINEAR
2034,韩国,AI应用渗透率,72.78181818182384,LINEAR
2035,韩国,AI应用渗透率,77.08121212121841,LINEAR
2026,中国,AI政策数量,72.93333333333794,LINEAR
2027,中国,AI政策数量,80.70303030303512,LINEAR
2028,中国,AI政策数量,88.47272727273412,LINEAR
2029,中国,AI政策数量,96.24242424243312,LINEAR
2030,中国,AI政策数量,104.0121212121303,LINEAR
2031,中国,AI政策数量,111.7818181818293,LINEAR
2032,中国,AI政策数量,119.55151515152647,LINEAR
2033,中国,AI政策数量,127.32121212122547,LINEAR
2034,中国,AI政策数量,135.09090909092447,LINEAR
2035,中国,AI政策数量,142.86060606062165,LINEAR
2026,加拿大,AI政策数量,21.533333333333758,LINEAR
2027,加拿大,AI政策数量,23.757575757576888,LINEAR
2028,加拿大,AI政策数量,25.981818181819108,LINEAR
2029,加拿大,AI政策数量,28.206060606062238,LINEAR
2030,加拿大,AI政策数量,30.430303030305367,LINEAR
2031,加拿大,AI政策数量,32.65454545454759,LINEAR
2032,加拿大,AI政策数量,34.87878787879072,LINEAR
2033,加拿大,AI政策数量,37.10303030303385,LINEAR
2034,加拿大,AI政策数量,39.32727272727607,LINEAR
2035,加拿大,AI政策数量,41.5515151515192,LINEAR
2026,印度,AI政策数量,18.40000000000009,LINEAR
2027,印度,AI政策数量,20.418181818182347,LINEAR
2028,印度,AI政策数量,22.43636363636415,LINEAR
2029,印度,AI政策数量,24.454545454546405,LINEAR
2030,印度,AI政策数量,26.47272727272866,LINEAR
2031,印度,AI政策数量,28.490909090910463,LINEAR
2032,印度,AI政策数量,30.509090909093175,LINEAR
2033,印度,AI政策数量,32.527272727274976,LINEAR
2034,印度,AI政策数量,34.54545454545769,LINEAR
2035,印度,AI政策数量,36.56363636363949,LINEAR
2026,德国,AI政策数量,21.733333333333576,LINEAR
2027,德国,AI政策数量,23.975757575757598,LINEAR
2028,德国,AI政策数量,26.21818181818253,LINEAR
2029,德国,AI政策数量,28.46060606060746,LINEAR
2030,德国,AI政策数量,30.703030303031483,LINEAR
2031,德国,AI政策数量,32.945454545456414,LINEAR
2032,德国,AI政策数量,35.187878787881345,LINEAR
2033,德国,AI政策数量,37.43030303030537,LINEAR
2034,德国,AI政策数量,39.6727272727303,LINEAR
2035,德国,AI政策数量,41.91515151515523,LINEAR
2026,日本,AI政策数量,21.733333333333576,LINEAR
2027,日本,AI政策数量,23.975757575757598,LINEAR
2028,日本,AI政策数量,26.21818181818253,LINEAR
2029,日本,AI政策数量,28.46060606060746,LINEAR
2030,日本,AI政策数量,30.703030303031483,LINEAR
2031,日本,AI政策数量,32.945454545456414,LINEAR
2032,日本,AI政策数量,35.187878787881345,LINEAR
2033,日本,AI政策数量,37.43030303030537,LINEAR
2034,日本,AI政策数量,39.6727272727303,LINEAR
2035,日本,AI政策数量,41.91515151515523,LINEAR
2026,法国,AI政策数量,21.733333333333576,LINEAR
2027,法国,AI政策数量,23.975757575757598,LINEAR
2028,法国,AI政策数量,26.21818181818253,LINEAR
2029,法国,AI政策数量,28.46060606060746,LINEAR
2030,法国,AI政策数量,30.703030303031483,LINEAR
2031,法国,AI政策数量,32.945454545456414,LINEAR
2032,法国,AI政策数量,35.187878787881345,LINEAR
2033,法国,AI政策数量,37.43030303030537,LINEAR
2034,法国,AI政策数量,39.6727272727303,LINEAR
2035,法国,AI政策数量,41.91515151515523,LINEAR
2026,美国,AI政策数量,151.46666666667443,LINEAR
2027,美国,AI政策数量,168.69696969697543,LINEAR
2028,美国,AI政策数量,185.9272727272837,LINEAR
2029,美国,AI政策数量,203.15757575759199,LINEAR
2030,美国,AI政策数量,220.387878787893,LINEAR
2031,美国,AI政策数量,237.61818181820126,LINEAR
2032,美国,AI政策数量,254.84848484850954,LINEAR
2033,美国,AI政策数量,272.0787878788178,LINEAR
2034,美国,AI政策数量,289.3090909091188,LINEAR
2035,美国,AI政策数量,306.5393939394271,LINEAR
2026,英国,AI政策数量,29.800000000002,LINEAR
2027,英国,AI政策数量,33.072727272729935,LINEAR
2028,英国,AI政策数量,36.34545454545787,LINEAR
2029,英国,AI政策数量,39.6181818181858,LINEAR
2030,英国,AI政策数量,42.89090909091374,LINEAR
2031,英国,AI政策数量,46.16363636364167,LINEAR
2032,英国,AI政策数量,49.436363636369606,LINEAR
2033,英国,AI政策数量,52.70909090909663,LINEAR
2034,英国,AI政策数量,55.981818181824565,LINEAR
2035,英国,AI政策数量,59.2545454545525,LINEAR
2026,阿联酋,AI政策数量,18.40000000000009,LINEAR
2027,阿联酋,AI政策数量,20.418181818182347,LINEAR
2028,阿联酋,AI政策数量,22.43636363636415,LINEAR
2029,阿联酋,AI政策数量,24.454545454546405,LINEAR
2030,阿联酋,AI政策数量,26.47272727272866,LINEAR
2031,阿联酋,AI政策数量,28.490909090910463,LINEAR
2032,阿联酋,AI政策数量,30.509090909093175,LINEAR
2033,阿联酋,AI政策数量,32.527272727274976,LINEAR
2034,阿联酋,AI政策数量,34.54545454545769,LINEAR
2035,阿联酋,AI政策数量,36.56363636363949,LINEAR
2026,韩国,AI政策数量,21.733333333333576,LINEAR
2027,韩国,AI政策数量,23.975757575757598,LINEAR
2028,韩国,AI政策数量,26.21818181818253,LINEAR
2029,韩国,AI政策数量,28.46060606060746,LINEAR
2030,韩国,AI政策数量,30.703030303031483,LINEAR
2031,韩国,AI政策数量,32.945454545456414,LINEAR
2032,韩国,AI政策数量,35.187878787881345,LINEAR
2033,韩国,AI政策数量,37.43030303030537,LINEAR
2034,韩国,AI政策数量,39.6727272727303,LINEAR
2035,韩国,AI政策数量,41.91515151515523,LINEAR
2026,中国,AI毕业生数量,70.00031897156146,GM11
2027,中国,AI毕业生数量,74.58440870450204,GM11
2028,中国,AI毕业生数量,79.46869533637664,GM11
2029,中国,AI毕业生数量,84.67283777077955,GM11
2030,中国,AI毕业生数量,90.21778230798486,GM11
2031,中国,AI毕业生数量,96.12584695230044,GM11
2032,中国,AI毕业生数量,102.42081124043864,GM11
2033,中国,AI毕业生数量,109.12801195244447,GM11
2034,中国,AI毕业生数量,116.27444509042334,GM11
2035,中国,AI毕业生数量,123.88887453550751,GM11
2026,加拿大,AI毕业生数量,2.252267739981569,GM11
2027,加拿大,AI毕业生数量,2.3881071520049133,GM11
2028,加拿大,AI毕业生数量,2.532139349251473,GM11
2029,加拿大,AI毕业生数量,2.6848584573119822,GM11
2030,加拿大,AI毕业生数量,2.8467884036203017,GM11
2031,加拿大,AI毕业生数量,3.018484714870496,GM11
2032,加拿大,AI毕业生数量,3.200536422840507,GM11
2033,加拿大,AI毕业生数量,3.3935680851603323,GM11
2034,加拿大,AI毕业生数量,3.5982419279571545,GM11
2035,加拿大,AI毕业生数量,3.815260117728606,GM11
2026,印度,AI毕业生数量,57.529668131453946,GM11
2027,印度,AI毕业生数量,61.608252110884166,GM11
2028,印度,AI毕业生数量,65.97598858879996,GM11
2029,印度,AI毕业生数量,70.65337712284258,GM11
2030,印度,AI毕业生数量,75.66237059326204,GM11
2031,印度,AI毕业生数量,81.02647823668258,GM11
2032,印度,AI毕业生数量,86.77087598447861,GM11
2033,印度,AI毕业生数量,92.92252462362512,GM11
2034,印度,AI毕业生数量,99.51029633459893,GM11
2035,印度,AI毕业生数量,106.56511020022504,GM11
2026,德国,AI毕业生数量,3.9644998859482428,GM11
2027,德国,AI毕业生数量,4.218437479171783,GM11
2028,德国,AI毕业生数量,4.488640503876567,GM11
2029,德国,AI毕业生数量,4.776150807620098,GM11
2030,德国,AI毕业生数量,5.082076971285446,GM11
2031,德国,AI毕业生数量,5.407598583542068,GM11
2032,德国,AI毕业生数量,5.753970789098403,GM11
2033,德国,AI毕业生数量,6.122529128282935,GM11
2034,德国,AI毕业生数量,6.5146946866142486,GM11
2035,德国,AI毕业生数量,6.931979574215987,GM11
2026,日本,AI毕业生数量,2.3393107516799603,GM11
2027,日本,AI毕业生数量,2.3963985650895268,GM11
2028,日本,AI毕业生数量,2.454879531776186,GM11
2029,日本,AI毕业生数量,2.5147876498200787,GM11
2030,日本,AI毕业生数量,2.576157746979902,GM11
2031,日本,AI毕业生数量,2.639025500940164,GM11
2032,日本,AI毕业生数量,2.7034274600524952,GM11
2033,日本,AI毕业生数量,2.7694010645831924,GM11
2034,日本,AI毕业生数量,2.8369846684791895,GM11
2035,日本,AI毕业生数量,2.9062175616652013,GM11
2026,法国,AI毕业生数量,2.5445606138309103,GM11
2027,法国,AI毕业生数量,2.674595314568876,GM11
2028,法国,AI毕业生数量,2.8112751796248574,GM11
2029,法国,AI毕业生数量,2.954939796882414,GM11
2030,法国,AI毕业生数量,3.1059461081872897,GM11
2031,法国,AI毕业生数量,3.264669296187307,GM11
2032,法国,AI毕业生数量,3.4315037164917754,GM11
2033,法国,AI毕业生数量,3.606863877468072,GM11
2034,法国,AI毕业生数量,3.7911854701076493,GM11
2035,法国,AI毕业生数量,3.9849264505220816,GM11
2026,美国,AI毕业生数量,13.786739697128155,GM11
2027,美国,AI毕业生数量,14.707958631823857,GM11
2028,美国,AI毕业生数量,15.690732679931912,GM11
2029,美国,AI毕业生数量,16.7391749049645,GM11
2030,美国,AI毕业生数量,17.85767320205281,GM11
2031,美国,AI毕业生数量,19.050908661975598,GM11
2032,美国,AI毕业生数量,20.32387516225907,GM11
2033,美国,AI毕业生数量,21.681900267336346,GM11
2034,美国,AI毕业生数量,23.130667525240995,GM11
2035,美国,AI毕业生数量,24.676240254146933,GM11
2026,英国,AI毕业生数量,4.310945658950288,GM11
2027,英国,AI毕业生数量,4.5875473712716115,GM11
2028,英国,AI毕业生数量,4.8818965834020105,GM11
2029,英国,AI毕业生数量,5.195132022021141,GM11
2030,英国,AI毕业生数量,5.528465477534112,GM11
2031,英国,AI毕业生数量,5.883186492033616,GM11
2032,英国,AI毕业生数量,6.260667348055009,GM11
2033,英国,AI毕业生数量,6.662368377422183,GM11
2034,英国,AI毕业生数量,7.089843610723804,GM11
2035,英国,AI毕业生数量,7.544746789274669,GM11
2026,阿联酋,AI毕业生数量,0.7193333333333385,LINEAR
2027,阿联酋,AI毕业生数量,0.7941212121212118,LINEAR
2028,阿联酋,AI毕业生数量,0.8689090909091135,LINEAR
2029,阿联酋,AI毕业生数量,0.9436969696970152,LINEAR
2030,阿联酋,AI毕业生数量,1.0,LINEAR
2031,阿联酋,AI毕业生数量,1.0,LINEAR
2032,阿联酋,AI毕业生数量,1.0,LINEAR
2033,阿联酋,AI毕业生数量,1.0,LINEAR
2034,阿联酋,AI毕业生数量,1.0,LINEAR
2035,阿联酋,AI毕业生数量,1.0,LINEAR
2026,韩国,AI毕业生数量,2.155472829475144,GM11
2027,韩国,AI毕业生数量,2.2937736856358057,GM11
2028,韩国,AI毕业生数量,2.4409482917010052,GM11
2029,韩国,AI毕业生数量,2.5975660110105707,GM11
2030,韩国,AI毕业生数量,2.764232738767056,GM11
2031,韩国,AI毕业生数量,2.941593246016808,GM11
2032,韩国,AI毕业生数量,3.1303336740275043,GM11
2033,韩国,AI毕业生数量,3.3311841887110916,GM11
2034,韩国,AI毕业生数量,3.544921805361902,GM11
2035,韩国,AI毕业生数量,3.7723733946373343,GM11
2026,中国,AI研究人员数量,279.3417133114267,GM11
2027,中国,AI研究人员数量,314.5993828916494,GM11
2028,中国,AI研究人员数量,354.3071693179786,GM11
2029,中国,AI研究人员数量,399.02675293344146,GM11
2030,中国,AI研究人员数量,449.39070768198053,GM11
2031,中国,AI研究人员数量,506.111449085211,GM11
2032,中国,AI研究人员数量,569.9913116058501,GM11
2033,中国,AI研究人员数量,641.9338979455824,GM11
2034,中国,AI研究人员数量,722.9568608171376,GM11
2035,中国,AI研究人员数量,814.2062979931325,GM11
2026,加拿大,AI研究人员数量,32.87060096960704,GM11
2027,加拿大,AI研究人员数量,35.6753635381923,GM11
2028,加拿大,AI研究人员数量,38.71944917462787,GM11
2029,加拿大,AI研究人员数量,42.023278691515884,GM11
2030,加拿大,AI研究人员数量,45.60901535608639,GM11
2031,加拿大,AI研究人员数量,49.500713569303,GM11
2032,加拿大,AI研究人员数量,53.724480231367124,GM11
2033,加拿大,AI研究人员数量,58.308649876119375,GM11
2034,加拿大,AI研究人员数量,63.28397474920234,GM11
2035,加拿大,AI研究人员数量,68.68383110509876,GM11
2026,印度,AI研究人员数量,116.3794959798804,GM11
2027,印度,AI研究人员数量,133.0229821509779,GM11
2028,印度,AI研究人员数量,152.04666106646982,GM11
2029,印度,AI研究人员数量,173.79092520436257,GM11
2030,印度,AI研究人员数量,198.64484673020547,GM11
2031,印度,AI研究人员数量,227.05313920197864,GM11
2032,印度,AI研究人员数量,259.52411487166046,GM11
2033,印度,AI研究人员数量,296.6387799642084,GM11
2034,印度,AI研究人员数量,339.06123067665385,GM11
2035,印度,AI研究人员数量,387.5505359138724,GM11
2026,德国,AI研究人员数量,35.47339534413578,GM11
2027,德国,AI研究人员数量,38.527805924321115,GM11
2028,德国,AI研究人员数量,41.84521427796011,GM11
2029,德国,AI研究人员数量,45.44826563463994,GM11
2030,德国,AI研究人员数量,49.36155507476303,GM11
2031,德国,AI研究人员数量,53.611795420016165,GM11
2032,德国,AI研究人员数量,58.227999579923335,GM11
2033,德国,AI研究人员数量,63.24167859921545,GM11
2034,德国,AI研究人员数量,68.68705675792216,GM11
2035,德国,AI研究人员数量,74.60130519249958,GM11
2026,日本,AI研究人员数量,30.092162005676357,GM11
2027,日本,AI研究人员数量,33.07554329046934,GM11
2028,日本,AI研究人员数量,36.35470139212143,GM11
2029,日本,AI研究人员数量,39.95896006011071,GM11
2030,日本,AI研究人员数量,43.92055024364856,GM11
2031,日本,AI研究人员数量,48.27489831574769,GM11
2032,日本,AI研究人员数量,53.06094287224437,GM11
2033,日本,AI研究人员数量,58.321482938746044,GM11
2034,日本,AI研究人员数量,64.1035606993272,GM11
2035,日本,AI研究人员数量,70.45888216951232,GM11
2026,法国,AI研究人员数量,28.28407308973499,GM11
2027,法国,AI研究人员数量,31.426229546135744,GM11
2028,法国,AI研究人员数量,34.91745691481901,GM11
2029,法国,AI研究人员数量,38.79653445566345,GM11
2030,法国,AI研究人员数量,43.10654952453564,GM11
2031,法国,AI研究人员数量,47.89537617167218,GM11
2032,法国,AI研究人员数量,53.216206908889205,GM11
2033,法国,AI研究人员数量,59.12814355229341,GM11
2034,法国,AI研究人员数量,65.69685370335247,GM11
2035,法国,AI研究人员数量,72.9953001602778,GM11
2026,美国,AI研究人员数量,328.7060096960695,GM11
2027,美国,AI研究人员数量,356.7536353819223,GM11
2028,美国,AI研究人员数量,387.1944917462797,GM11
2029,美国,AI研究人员数量,420.2327869151586,GM11
2030,美国,AI研究人员数量,456.09015356086366,GM11
2031,美国,AI研究人员数量,495.00713569303025,GM11
2032,美国,AI研究人员数量,537.2448023136712,GM11
2033,美国,AI研究人员数量,583.0864987611931,GM11
2034,美国,AI研究人员数量,632.8397474920248,GM11
2035,美国,AI研究人员数量,686.8383110509849,GM11
2026,英国,AI研究人员数量,41.18207435225497,GM11
2027,英国,AI研究人员数量,44.004488910522355,GM11
2028,英国,AI研究人员数量,47.02033772541722,GM11
2029,英国,AI研究人员数量,50.24287781884959,GM11
2030,英国,AI研究人员数量,53.68627478307735,GM11
2031,英国,AI研究人员数量,57.365665049599784,GM11
2032,英国,AI研究人员数量,61.29722242565026,GM11
2033,英国,AI研究人员数量,65.49822919077019,GM11
2034,英国,AI研究人员数量,69.98715206598763,GM11
2035,英国,AI研究人员数量,74.78372338954682,GM11
2026,阿联酋,AI研究人员数量,21.286228490371556,GM11
2027,阿联酋,AI研究人员数量,27.452023357861123,GM11
2028,阿联酋,AI研究人员数量,35.403809875546514,GM11
2029,阿联酋,AI研究人员数量,45.658920559854124,GM11
2030,阿联酋,AI研究人员数量,58.884539093940845,GM11
2031,阿联酋,AI研究人员数量,75.94110639914209,GM11
2032,阿联酋,AI研究人员数量,97.93829976193592,GM11
2033,阿联酋,AI研究人员数量,126.30722694299817,GM11
2034,阿联酋,AI研究人员数量,162.89353211980563,GM11
2035,阿联酋,AI研究人员数量,210.07747100995994,GM11
2026,韩国,AI研究人员数量,29.9078099439443,GM11
2027,韩国,AI研究人员数量,33.410945651131385,GM11
2028,韩国,AI研究人员数量,37.32440761777946,GM11
2029,韩国,AI研究人员数量,41.696257824147324,GM11
2030,韩国,AI研究人员数量,46.580187804765046,GM11
2031,韩国,AI研究人员数量,52.03617804451159,GM11
2032,韩国,AI研究人员数量,58.13123461050321,GM11
2033,韩国,AI研究人员数量,64.94021206651229,GM11
2034,韩国,AI研究人员数量,72.54673277628308,GM11
2035,韩国,AI研究人员数量,81.04421388588878,GM11
2026,中国,AI社会信任度,84.79350887745386,GM11
2027,中国,AI社会信任度,85.86715146257575,GM11
2028,中国,AI社会信任度,86.95438834773086,GM11
2029,中国,AI社会信任度,88.05539166189101,GM11
2030,中国,AI社会信任度,89.17033571349566,GM11
2031,中国,AI社会信任度,90.29939701805688,GM11
2032,中国,AI社会信任度,91.4427543260972,GM11
2033,中国,AI社会信任度,92.60058865144856,GM11
2034,中国,AI社会信任度,93.7730832999141,GM11
2035,中国,AI社会信任度,94.96042389828835,GM11
2026,加拿大,AI社会信任度,37.42753605165126,GM11
2027,加拿大,AI社会信任度,37.3579754336497,GM11
2028,加拿大,AI社会信任度,37.2885440969294,GM11
2029,加拿大,AI社会信任度,37.21924180120186,GM11
2030,加拿大,AI社会信任度,37.15006830665152,GM11
2031,加拿大,AI社会信任度,37.081023373888456,GM11
2032,加拿大,AI社会信任度,37.01210676398114,GM11
2033,加拿大,AI社会信任度,36.943318238434586,GM11
2034,加拿大,AI社会信任度,36.87465755919038,GM11
2035,加拿大,AI社会信任度,36.80612448865213,GM11
2026,印度,AI社会信任度,67.92253184213041,GM11
2027,印度,AI社会信任度,68.01863929951651,GM11
2028,印度,AI社会信任度,68.11488274479052,GM11
2029,印度,AI社会信任度,68.21126237043791,GM11
2030,印度,AI社会信任度,68.3077783690751,GM11
2031,印度,AI社会信任度,68.40443093369686,GM11
2032,印度,AI社会信任度,68.50122025754536,GM11
2033,印度,AI社会信任度,68.59814653411013,GM11
2034,印度,AI社会信任度,68.69520995717903,GM11
2035,印度,AI社会信任度,68.79241072082368,GM11
2026,德国,AI社会信任度,51.819709720365154,GM11
2027,德国,AI社会信任度,53.93436757599352,GM11
2028,德国,AI社会信任度,56.13532035435492,GM11
2029,德国,AI社会信任度,58.426089577226094,GM11
2030,德国,AI社会信任度,60.81034047258663,GM11
2031,德国,AI社会信任度,63.291887838979164,GM11
2032,德国,AI社会信任度,65.8747021491804,GM11
2033,德国,AI社会信任度,68.56291590295564,GM11
2034,德国,AI社会信任度,71.36083023905212,GM11
2035,德国,AI社会信任度,74.27292181701443,GM11
2026,日本,AI社会信任度,35.565855464754804,GM11
2027,日本,AI社会信任度,36.551737646429956,GM11
2028,日本,AI社会信任度,37.56494838982303,GM11
2029,日本,AI社会信任度,38.606245240105864,GM11
2030,日本,AI社会信任度,39.67640674152949,GM11
2031,日本,AI社会信任度,40.776233019520305,GM11
2032,日本,AI社会信任度,41.90654637890498,GM11
2033,日本,AI社会信任度,43.06819191872455,GM11
2034,日本,AI社会信任度,44.262038164084515,GM11
2035,日本,AI社会信任度,45.48897771552629,GM11
2026,法国,AI社会信任度,40.32211614780408,GM11
2027,法国,AI社会信任度,41.107013263597764,GM11
2028,法国,AI社会信任度,41.90718892975747,GM11
2029,法国,AI社会信任度,42.722940553542685,GM11
2030,法国,AI社会信任度,43.55457133144682,GM11
2031,法国,AI社会信任度,44.40239036188677,GM11
2032,法国,AI社会信任度,45.26671276008801,GM11
2033,法国,AI社会信任度,46.1478597752066,GM11
2034,法国,AI社会信任度,47.04615890972855,GM11
2035,法国,AI社会信任度,47.96194404119524,GM11
2026,美国,AI社会信任度,38.21352282916996,GM11
2027,美国,AI社会信任度,38.14556837309283,GM11
2028,美国,AI社会信任度,38.07773475925933,GM11
2029,美国,AI社会信任度,38.01002177278133,GM11
2030,美国,AI社会信任度,37.9424291991636,GM11
2031,美国,AI社会信任度,37.87495682426015,GM11
2032,美国,AI社会信任度,37.80760443432882,GM11
2033,美国,AI社会信任度,37.74037181600579,GM11
2034,美国,AI社会信任度,37.673258756309224,GM11
2035,美国,AI社会信任度,37.606265042610175,GM11
2026,英国,AI社会信任度,44.384791934535315,GM11
2027,英国,AI社会信任度,44.35073656018358,GM11
2028,英国,AI社会信任度,44.316707315716485,GM11
2029,英国,AI社会信任度,44.28270418105967,GM11
2030,英国,AI社会信任度,44.24872713617515,GM11
2031,英国,AI社会信任度,44.21477616106131,GM11
2032,英国,AI社会信任度,44.180851235701994,GM11
2033,英国,AI社会信任度,44.14695234011742,GM11
2034,英国,AI社会信任度,44.11307945434237,GM11
2035,英国,AI社会信任度,44.07923255839705,GM11
2026,阿联酋,AI社会信任度,72.6621228556287,GM11
2027,阿联酋,AI社会信任度,72.46324252158229,GM11
2028,阿联酋,AI社会信任度,72.26490653423753,GM11
2029,阿联酋,AI社会信任度,72.06711340369657,GM11
2030,阿联酋,AI社会信任度,71.86986164412156,GM11
2031,阿联酋,AI社会信任度,71.67314977375281,GM11
2032,阿联酋,AI社会信任度,71.476976314887,GM11
2033,阿联酋,AI社会信任度,71.28133979385166,GM11
2034,阿联酋,AI社会信任度,71.08623874103068,GM11
2035,阿联酋,AI社会信任度,70.89167169080247,GM11
2026,韩国,AI社会信任度,64.67452570605155,GM11
2027,韩国,AI社会信任度,66.41078924176509,GM11
2028,韩国,AI社会信任度,68.19366480953431,GM11
2029,韩国,AI社会信任度,70.02440376405775,GM11
2030,韩国,AI社会信任度,71.90429105411931,GM11
2031,韩国,AI社会信任度,73.8346461244605,GM11
2032,韩国,AI社会信任度,75.81682384186342,GM11
2033,韩国,AI社会信任度,77.85221544610204,GM11
2034,韩国,AI社会信任度,79.94224952641207,GM11
2035,韩国,AI社会信任度,82.08839302418482,GM11
2026,中国,AI算力平台,120.00000000000364,LINEAR
2027,中国,AI算力平台,133.00000000000728,LINEAR
2028,中国,AI算力平台,146.00000000000728,LINEAR
2029,中国,AI算力平台,159.0000000000109,LINEAR
2030,中国,AI算力平台,172.00000000001455,LINEAR
2031,中国,AI算力平台,185.00000000001455,LINEAR
2032,中国,AI算力平台,198.0000000000182,LINEAR
2033,中国,AI算力平台,211.00000000002183,LINEAR
2034,中国,AI算力平台,224.00000000002183,LINEAR
2035,中国,AI算力平台,237.00000000002547,LINEAR
2026,加拿大,AI算力平台,86.00000000000364,LINEAR
2027,加拿大,AI算力平台,95.81818181818744,LINEAR
2028,加拿大,AI算力平台,105.63636363637124,LINEAR
2029,加拿大,AI算力平台,115.45454545455505,LINEAR
2030,加拿大,AI算力平台,125.27272727273885,LINEAR
2031,加拿大,AI算力平台,135.09090909092265,LINEAR
2032,加拿大,AI算力平台,144.90909090910645,LINEAR
2033,加拿大,AI算力平台,154.72727272729026,LINEAR
2034,加拿大,AI算力平台,164.54545454547406,LINEAR
2035,加拿大,AI算力平台,174.36363636365786,LINEAR
2026,印度,AI算力平台,51.3333333333394,LINEAR
2027,印度,AI算力平台,57.84848484849135,LINEAR
2028,印度,AI算力平台,64.36363636364513,LINEAR
2029,印度,AI算力平台,70.87878787879708,LINEAR
2030,印度,AI算力平台,77.39393939395086,LINEAR
2031,印度,AI算力平台,83.90909090910282,LINEAR
2032,印度,AI算力平台,90.42424242425659,LINEAR
2033,印度,AI算力平台,96.93939393940855,LINEAR
2034,印度,AI算力平台,103.4545454545605,LINEAR
2035,印度,AI算力平台,109.96969696971428,LINEAR
2026,德国,AI算力平台,72.33333333333576,LINEAR
2027,德国,AI算力平台,80.66666666666788,LINEAR
2028,德国,AI算力平台,89.00000000000364,LINEAR
2029,德国,AI算力平台,97.3333333333394,LINEAR
2030,德国,AI算力平台,105.66666666667516,LINEAR
2031,德国,AI算力平台,114.00000000000728,LINEAR
2032,德国,AI算力平台,122.33333333334303,LINEAR
2033,德国,AI算力平台,130.6666666666788,LINEAR
2034,德国,AI算力平台,139.00000000001455,LINEAR
2035,德国,AI算力平台,147.33333333334667,LINEAR
2026,日本,AI算力平台,86.00000000000364,LINEAR
2027,日本,AI算力平台,95.81818181818744,LINEAR
2028,日本,AI算力平台,105.63636363637124,LINEAR
2029,日本,AI算力平台,115.45454545455505,LINEAR
2030,日本,AI算力平台,125.27272727273885,LINEAR
2031,日本,AI算力平台,135.09090909092265,LINEAR
2032,日本,AI算力平台,144.90909090910645,LINEAR
2033,日本,AI算力平台,154.72727272729026,LINEAR
2034,日本,AI算力平台,164.54545454547406,LINEAR
2035,日本,AI算力平台,174.36363636365786,LINEAR
2026,法国,AI算力平台,72.0,LINEAR
2027,法国,AI算力平台,80.36363636363603,LINEAR
2028,法国,AI算力平台,88.7272727272757,LINEAR
2029,法国,AI算力平台,97.09090909091174,LINEAR
2030,法国,AI算力平台,105.45454545455141,LINEAR
2031,法国,AI算力平台,113.81818181818744,LINEAR
2032,法国,AI算力平台,122.18181818182711,LINEAR
2033,法国,AI算力平台,130.54545454546314,LINEAR
2034,法国,AI算力平台,138.90909090910282,LINEAR
2035,法国,AI算力平台,147.27272727273885,LINEAR
2026,美国,AI算力平台,116.33333333333576,LINEAR
2027,美国,AI算力平台,129.21212121212739,LINEAR
2028,美国,AI算力平台,142.09090909091537,LINEAR
2029,美国,AI算力平台,154.969696969707,LINEAR
2030,美国,AI算力平台,167.848484848495,LINEAR
2031,美国,AI算力平台,180.72727272728662,LINEAR
2032,美国,AI算力平台,193.60606060607824,LINEAR
2033,美国,AI算力平台,206.48484848486623,LINEAR
2034,美国,AI算力平台,219.36363636365786,LINEAR
2035,美国,AI算力平台,232.24242424244585,LINEAR
2026,英国,AI算力平台,85.60000000000218,LINEAR
2027,英国,AI算力平台,95.36363636363967,LINEAR
2028,英国,AI算力平台,105.1272727272808,LINEAR
2029,英国,AI算力平台,114.89090909091829,LINEAR
2030,英国,AI算力平台,124.65454545455577,LINEAR
2031,英国,AI算力平台,134.41818181819326,LINEAR
2032,英国,AI算力平台,144.18181818183075,LINEAR
2033,英国,AI算力平台,153.94545454546824,LINEAR
2034,英国,AI算力平台,163.70909090910936,LINEAR
2035,英国,AI算力平台,173.47272727274685,LINEAR
2026,阿联酋,AI算力平台,129.93333333334158,LINEAR
2027,阿联酋,AI算力平台,144.04848484849572,LINEAR
2028,阿联酋,AI算力平台,158.16363636364986,LINEAR
2029,阿联酋,AI算力平台,172.278787878804,LINEAR
2030,阿联酋,AI算力平台,186.39393939395814,LINEAR
2031,阿联酋,AI算力平台,200.50909090911227,LINEAR
2032,阿联酋,AI算力平台,214.6242424242664,LINEAR
2033,阿联酋,AI算力平台,228.73939393942055,LINEAR
2034,阿联酋,AI算力平台,242.8545454545747,LINEAR
2035,阿联酋,AI算力平台,256.96969696972883,LINEAR
2026,韩国,AI算力平台,132.6666666666606,LINEAR
2027,韩国,AI算力平台,144.96969696969245,LINEAR
2028,韩国,AI算力平台,157.2727272727243,LINEAR
2029,韩国,AI算力平台,169.57575757575614,LINEAR
2030,韩国,AI算力平台,181.878787878788,LINEAR
2031,韩国,AI算力平台,194.18181818181984,LINEAR
2032,韩国,AI算力平台,206.48484848485168,LINEAR
2033,韩国,AI算力平台,218.78787878788353,LINEAR
2034,韩国,AI算力平台,231.09090909091537,LINEAR
2035,韩国,AI算力平台,243.39393939394722,LINEAR
2026,中国,AI补贴金额,60.53333333333467,LINEAR
2027,中国,AI补贴金额,67.18484848485059,LINEAR
2028,中国,AI补贴金额,73.83636363636651,LINEAR
2029,中国,AI补贴金额,80.48787878788426,LINEAR
2030,中国,AI补贴金额,87.13939393940018,LINEAR
2031,中国,AI补贴金额,93.7909090909161,LINEAR
2032,中国,AI补贴金额,100.44242424243203,LINEAR
2033,中国,AI补贴金额,107.09393939394977,LINEAR
2034,中国,AI补贴金额,113.74545454546569,LINEAR
2035,中国,AI补贴金额,120.39696969698161,LINEAR
2026,加拿大,AI补贴金额,3.2533333333332166,LINEAR
2027,加拿大,AI补贴金额,3.619393939393831,LINEAR
2028,加拿大,AI补贴金额,3.9854545454545587,LINEAR
2029,加拿大,AI补贴金额,4.351515151515173,LINEAR
2030,加拿大,AI补贴金额,4.717575757575901,LINEAR
2031,加拿大,AI补贴金额,5.083636363636515,LINEAR
2032,加拿大,AI补贴金额,5.449696969697243,LINEAR
2033,加拿大,AI补贴金额,5.815757575757857,LINEAR
2034,加拿大,AI补贴金额,6.181818181818585,LINEAR
2035,加拿大,AI补贴金额,6.547878787879199,LINEAR
2026,印度,AI补贴金额,2.159999999999968,LINEAR
2027,印度,AI补贴金额,2.3945454545454936,LINEAR
2028,印度,AI补贴金额,2.629090909090962,LINEAR
2029,印度,AI补贴金额,2.8636363636364877,LINEAR
2030,印度,AI补贴金额,3.0981818181819563,LINEAR
2031,印度,AI补贴金额,3.3327272727274817,LINEAR
2032,印度,AI补贴金额,3.5672727272729503,LINEAR
2033,印度,AI补贴金额,3.8018181818184758,LINEAR
2034,印度,AI补贴金额,4.036363636363944,LINEAR
2035,印度,AI补贴金额,4.27090909090947,LINEAR
2026,德国,AI补贴金额,4.9200000000001864,LINEAR
2027,德国,AI补贴金额,5.398181818182138,LINEAR
2028,德国,AI补贴金额,5.876363636363976,LINEAR
2029,德国,AI补贴金额,6.354545454545928,LINEAR
2030,德国,AI补贴金额,6.832727272727766,LINEAR
2031,德国,AI补贴金额,7.310909090909718,LINEAR
2032,德国,AI补贴金额,7.789090909091556,LINEAR
2033,德国,AI补贴金额,8.267272727273507,LINEAR
2034,德国,AI补贴金额,8.745454545455345,LINEAR
2035,德国,AI补贴金额,9.223636363637297,LINEAR
2026,日本,AI补贴金额,4.086666666666815,LINEAR
2027,日本,AI补贴金额,4.522424242424449,LINEAR
2028,日本,AI补贴金额,4.958181818182084,LINEAR
2029,日本,AI补贴金额,5.3939393939398315,LINEAR
2030,日本,AI补贴金额,5.829696969697466,LINEAR
2031,日本,AI补贴金额,6.2654545454551,LINEAR
2032,日本,AI补贴金额,6.701212121212734,LINEAR
2033,日本,AI补贴金额,7.136969696970368,LINEAR
2034,日本,AI补贴金额,7.572727272728116,LINEAR
2035,日本,AI补贴金额,8.00848484848575,LINEAR
2026,法国,AI补贴金额,3.3128086506179635,GM11
2027,法国,AI补贴金额,3.8415213190715,GM11
2028,法国,AI补贴金额,4.454614679338054,GM11
2029,法国,AI补贴金额,5.165555594565912,GM11
2030,法国,AI补贴金额,5.989960192138618,GM11
2031,法国,AI补贴金额,6.945936878726087,GM11
2032,法国,AI补贴金额,8.054484099337849,GM11
2033,法国,AI补贴金额,9.339951577329138,GM11
2034,法国,AI补贴金额,10.830575166698011,GM11
2035,法国,AI补贴金额,12.559097064937902,GM11
2026,美国,AI补贴金额,29.80000000000109,LINEAR
2027,美国,AI补贴金额,33.17272727272848,LINEAR
2028,美国,AI补贴金额,36.54545454545678,LINEAR
2029,美国,AI补贴金额,39.918181818184166,LINEAR
2030,美国,AI补贴金额,43.290909090912464,LINEAR
2031,美国,AI补贴金额,46.66363636364076,LINEAR
2032,美国,AI补贴金额,50.03636363636815,LINEAR
2033,美国,AI补贴金额,53.40909090909645,LINEAR
2034,美国,AI补贴金额,56.78181818182384,LINEAR
2035,美国,AI补贴金额,60.154545454552135,LINEAR
2026,英国,AI补贴金额,4.7733333333335395,LINEAR
2027,英国,AI补贴金额,5.243030303030537,LINEAR
2028,英国,AI补贴金额,5.712727272727648,LINEAR
2029,英国,AI补贴金额,6.182424242424645,LINEAR
2030,英国,AI补贴金额,6.652121212121756,LINEAR
2031,英国,AI补贴金额,7.121818181818753,LINEAR
2032,英国,AI补贴金额,7.591515151515864,LINEAR
2033,英国,AI补贴金额,8.061212121212861,LINEAR
2034,英国,AI补贴金额,8.530909090909972,LINEAR
2035,英国,AI补贴金额,9.00060606060697,LINEAR
2026,阿联酋,AI补贴金额,16.98666666666759,LINEAR
2027,阿联酋,AI补贴金额,18.96969696969836,LINEAR
2028,阿联酋,AI补贴金额,20.95272727272868,LINEAR
2029,阿联酋,AI补贴金额,22.935757575759453,LINEAR
2030,阿联酋,AI补贴金额,24.918787878790226,LINEAR
2031,阿联酋,AI补贴金额,26.901818181821,LINEAR
2032,阿联酋,AI补贴金额,28.884848484851773,LINEAR
2033,阿联酋,AI补贴金额,30.86787878788209,LINEAR
2034,阿联酋,AI补贴金额,32.850909090912864,LINEAR
2035,阿联酋,AI补贴金额,34.83393939394364,LINEAR
2026,韩国,AI补贴金额,4.120000000000232,LINEAR
2027,韩国,AI补贴金额,4.565454545454941,LINEAR
2028,韩国,AI补贴金额,5.010909090909536,LINEAR
2029,韩国,AI补贴金额,5.456363636364131,LINEAR
2030,韩国,AI补贴金额,5.901818181818726,LINEAR
2031,韩国,AI补贴金额,6.347272727273435,LINEAR
2032,韩国,AI补贴金额,6.79272727272803,LINEAR
2033,韩国,AI补贴金额,7.238181818182625,LINEAR
2034,韩国,AI补贴金额,7.68363636363722,LINEAR
2035,韩国,AI补贴金额,8.129090909091929,LINEAR
2026,中国,GPU集群规模,1.6066666666666833,LINEAR
2027,中国,GPU集群规模,1.752424242424297,LINEAR
2028,中国,GPU集群规模,1.8981818181819108,LINEAR
2029,中国,GPU集群规模,2.0439393939394677,LINEAR
2030,中国,GPU集群规模,2.1896969696970814,LINEAR
2031,中国,GPU集群规模,2.335454545454695,LINEAR
2032,中国,GPU集群规模,2.481212121212309,LINEAR
2033,中国,GPU集群规模,2.6269696969698657,LINEAR
2034,中国,GPU集群规模,2.7727272727274794,LINEAR
2035,中国,GPU集群规模,2.918484848485093,LINEAR
2026,加拿大,GPU集群规模,0.49866666666667925,LINEAR
2027,加拿大,GPU集群规模,0.5580606060606357,LINEAR
2028,加拿大,GPU集群规模,0.6174545454545779,LINEAR
2029,加拿大,GPU集群规模,0.6768484848485343,LINEAR
2030,加拿大,GPU集群规模,0.7362424242424765,LINEAR
2031,加拿大,GPU集群规模,0.795636363636433,LINEAR
2032,加拿大,GPU集群规模,0.8550303030303894,LINEAR
2033,加拿大,GPU集群规模,0.9144242424243316,LINEAR
2034,加拿大,GPU集群规模,0.973818181818288,LINEAR
2035,加拿大,GPU集群规模,1.0,LINEAR
2026,印度,GPU集群规模,1.0,GM11
2027,印度,GPU集群规模,1.0,GM11
2028,印度,GPU集群规模,1.0,GM11
2029,印度,GPU集群规模,1.0,GM11
2030,印度,GPU集群规模,1.0,GM11
2031,印度,GPU集群规模,1.0,GM11
2032,印度,GPU集群规模,1.0,GM11
2033,印度,GPU集群规模,1.0,GM11
2034,印度,GPU集群规模,1.0,GM11
2035,印度,GPU集群规模,1.0,GM11
2026,德国,GPU集群规模,0.1259999999999959,LINEAR
2027,德国,GPU集群规模,0.13218181818181485,LINEAR
2028,德国,GPU集群规模,0.13836363636363203,LINEAR
2029,德国,GPU集群规模,0.14454545454545098,LINEAR
2030,德国,GPU集群规模,0.15072727272726816,LINEAR
2031,德国,GPU集群规模,0.1569090909090871,LINEAR
2032,德国,GPU集群规模,0.16309090909090607,LINEAR
2033,德国,GPU集群规模,0.16927272727272324,LINEAR
2034,德国,GPU集群规模,0.1754545454545422,LINEAR
2035,德国,GPU集群规模,0.18163636363635938,LINEAR
2026,日本,GPU集群规模,1.0,LINEAR
2027,日本,GPU集群规模,1.0,LINEAR
2028,日本,GPU集群规模,1.0,LINEAR
2029,日本,GPU集群规模,1.0,LINEAR
2030,日本,GPU集群规模,1.0,LINEAR
2031,日本,GPU集群规模,1.0,LINEAR
2032,日本,GPU集群规模,1.0,LINEAR
2033,日本,GPU集群规模,1.0,LINEAR
2034,日本,GPU集群规模,1.0,LINEAR
2035,日本,GPU集群规模,1.0,LINEAR
2026,法国,GPU集群规模,2.2933333333334076,LINEAR
2027,法国,GPU集群规模,2.57212121212126,LINEAR
2028,法国,GPU集群规模,2.8509090909092265,LINEAR
2029,法国,GPU集群规模,3.129696969697193,LINEAR
2030,法国,GPU集群规模,3.4084848484850454,LINEAR
2031,法国,GPU集群规模,3.6872727272730117,LINEAR
2032,法国,GPU集群规模,3.966060606060978,LINEAR
2033,法国,GPU集群规模,4.244848484848831,LINEAR
2034,法国,GPU集群规模,4.523636363636797,LINEAR
2035,法国,GPU集群规模,4.802424242424763,LINEAR
2026,美国,GPU集群规模,41.020000000002256,LINEAR
2027,美国,GPU集群规模,45.869090909094666,LINEAR
2028,美国,GPU集群规模,50.71818181818526,LINEAR
2029,美国,GPU集群规模,55.56727272727767,LINEAR
2030,美国,GPU集群规模,60.41636363637008,LINEAR
2031,美国,GPU集群规模,65.26545454546067,LINEAR
2032,美国,GPU集群规模,70.11454545455308,LINEAR
2033,美国,GPU集群规模,74.96363636364549,LINEAR
2034,美国,GPU集群规模,79.81272727273608,LINEAR
2035,美国,GPU集群规模,84.6618181818285,LINEAR
2026,英国,GPU集群规模,0.23733333333333206,LINEAR
2027,英国,GPU集群规模,0.25721212121212744,LINEAR
2028,英国,GPU集群规模,0.2770909090909157,LINEAR
2029,英国,GPU集群规模,0.296969696969704,LINEAR
2030,英国,GPU集群规模,0.31684848484849226,LINEAR
2031,英国,GPU集群规模,0.33672727272728764,LINEAR
2032,英国,GPU集群规模,0.3566060606060759,LINEAR
2033,英国,GPU集群规模,0.3764848484848642,LINEAR
2034,英国,GPU集群规模,0.39636363636365957,LINEAR
2035,英国,GPU集群规模,0.41624242424244784,LINEAR
2026,阿联酋,GPU集群规模,19.707666666667137,LINEAR
2027,阿联酋,GPU集群规模,22.214696969697798,LINEAR
2028,阿联酋,GPU集群规模,24.721727272728458,LINEAR
2029,阿联酋,GPU集群规模,27.22875757575912,LINEAR
2030,阿联酋,GPU集群规模,29.73578787878978,LINEAR
2031,阿联酋,GPU集群规模,32.24281818182044,LINEAR
2032,阿联酋,GPU集群规模,34.74984848485201,LINEAR
2033,阿联酋,GPU集群规模,37.25687878788267,LINEAR
2034,阿联酋,GPU集群规模,39.76390909091333,LINEAR
2035,阿联酋,GPU集群规模,42.27093939394399,LINEAR
2026,韩国,GPU集群规模,4.440000000000055,LINEAR
2027,韩国,GPU集群规模,4.996363636363867,LINEAR
2028,韩国,GPU集群规模,5.5527272727276795,LINEAR
2029,韩国,GPU集群规模,6.109090909091492,LINEAR
2030,韩国,GPU集群规模,6.665454545455077,LINEAR
2031,韩国,GPU集群规模,7.22181818181889,LINEAR
2032,韩国,GPU集群规模,7.778181818182702,LINEAR
2033,韩国,GPU集群规模,8.334545454546287,LINEAR
2034,韩国,GPU集群规模,8.8909090909101,LINEAR
2035,韩国,GPU集群规模,9.447272727273912,LINEAR
2026,中国,GitHub项目数,5094.573885836115,GM11
2027,中国,GitHub项目数,4909.005248266418,GM11
2028,中国,GitHub项目数,4730.195904019565,GM11
2029,中国,GitHub项目数,4557.899647449973,GM11
2030,中国,GitHub项目数,4391.879240893832,GM11
2031,中国,GitHub项目数,4231.906088012634,GM11
2032,中国,GitHub项目数,4077.759919034943,GM11
2033,中国,GitHub项目数,3929.228487463115,GM11
2034,中国,GitHub项目数,3786.1072778275266,GM11
2035,中国,GitHub项目数,3648.1992240857508,GM11
2026,加拿大,GitHub项目数,8401.241218125448,GM11
2027,加拿大,GitHub项目数,8697.618214393617,GM11
2028,加拿大,GitHub项目数,9004.450728083088,GM11
2029,加拿大,GitHub项目数,9322.107606459234,GM11
2030,加拿大,GitHub项目数,9650.970708893496,GM11
2031,加拿大,GitHub项目数,9991.43536590191,GM11
2032,加拿大,GitHub项目数,10343.910854376736,GM11
2033,加拿大,GitHub项目数,10708.82088958344,GM11
2034,加拿大,GitHub项目数,11086.604134514113,GM11
2035,加拿大,GitHub项目数,11477.71472720994,GM11
2026,印度,GitHub项目数,85815.08599999547,LINEAR
2027,印度,GitHub项目数,93484.11527272314,LINEAR
2028,印度,GitHub项目数,101153.14454545267,LINEAR
2029,印度,GitHub项目数,108822.17381818034,LINEAR
2030,印度,GitHub项目数,116491.203090908,LINEAR
2031,印度,GitHub项目数,124160.23236363567,LINEAR
2032,印度,GitHub项目数,131829.2616363652,LINEAR
2033,印度,GitHub项目数,139498.29090909287,LINEAR
2034,印度,GitHub项目数,147167.32018182054,LINEAR
2035,印度,GitHub项目数,154836.34945455007,LINEAR
2026,德国,GitHub项目数,8192.099333332852,LINEAR
2027,德国,GitHub项目数,8611.774848484434,LINEAR
2028,德国,GitHub项目数,9031.4503636359,LINEAR
2029,德国,GitHub项目数,9451.125878787483,LINEAR
2030,德国,GitHub项目数,9870.80139393895,LINEAR
2031,德国,GitHub项目数,10290.476909090532,LINEAR
2032,德国,GitHub项目数,10710.152424241998,LINEAR
2033,德国,GitHub项目数,11129.82793939358,LINEAR
2034,德国,GitHub项目数,11549.503454545047,LINEAR
2035,德国,GitHub项目数,11969.17896969663,LINEAR
2026,日本,GitHub项目数,3091.6148996069096,GM11
2027,日本,GitHub项目数,3086.0667658341117,GM11
2028,日本,GitHub项目数,3080.528588601621,GM11
2029,日本,GitHub项目数,3075.0003500422463,GM11
2030,日本,GitHub项目数,3069.482032319298,GM11
2031,日本,GitHub项目数,3063.973617629381,GM11
2032,日本,GitHub项目数,3058.4750882012304,GM11
2033,日本,GitHub项目数,3052.9864262945484,GM11
2034,日本,GitHub项目数,3047.5076142014004,GM11
2035,日本,GitHub项目数,3042.0386342457496,GM11
2026,法国,GitHub项目数,5940.677999999956,LINEAR
2027,法国,GitHub项目数,6309.662909090868,LINEAR
2028,法国,GitHub项目数,6678.64781818178,LINEAR
2029,法国,GitHub项目数,7047.632727272692,LINEAR
2030,法国,GitHub项目数,7416.6176363637205,LINEAR
2031,法国,GitHub项目数,7785.6025454546325,LINEAR
2032,法国,GitHub项目数,8154.5874545455445,LINEAR
2033,法国,GitHub项目数,8523.572363636456,LINEAR
2034,法国,GitHub项目数,8892.557272727368,LINEAR
2035,法国,GitHub项目数,9261.542181818397,LINEAR
2026,美国,GitHub项目数,34675.029369041324,GM11
2027,美国,GitHub项目数,34716.43943162635,GM11
2028,美国,GitHub项目数,34757.89894747734,GM11
2029,美国,GitHub项目数,34799.40797563642,GM11
2030,美国,GitHub项目数,34840.96657525748,GM11
2031,美国,GitHub项目数,34882.574805520475,GM11
2032,美国,GitHub项目数,34924.23272570968,GM11
2033,美国,GitHub项目数,34965.940395150334,GM11
2034,美国,GitHub项目数,35007.69787326828,GM11
2035,美国,GitHub项目数,35049.505219545215,GM11
2026,英国,GitHub项目数,11228.271320470812,GM11
2027,英国,GitHub项目数,12007.71731368269,GM11
2028,英国,GitHub项目数,12841.271017600375,GM11
2029,英国,GitHub项目数,13732.68849022311,GM11
2030,英国,GitHub项目数,14685.98652820487,GM11
2031,英国,GitHub项目数,15705.460766853066,GM11
2032,英国,GitHub项目数,16795.705036596715,GM11
2033,英国,GitHub项目数,17961.63206314406,GM11
2034,英国,GitHub项目数,19208.495604608324,GM11
2035,英国,GitHub项目数,20541.91412535106,GM11
2026,阿联酋,GitHub项目数,1201.0667953882603,GM11
2027,阿联酋,GitHub项目数,1388.1393620167246,GM11
2028,阿联酋,GitHub项目数,1604.3494797949897,GM11
2029,阿联酋,GitHub项目数,1854.2354778982535,GM11
2030,阿联酋,GitHub项目数,2143.042554503725,GM11
2031,阿联酋,GitHub项目数,2476.8328754120757,GM11
2032,阿联酋,GitHub项目数,2862.612821117198,GM11
2033,阿联酋,GitHub项目数,3308.480053286261,GM11
2034,阿联酋,GitHub项目数,3823.7934876296313,GM11
2035,阿联酋,GitHub项目数,4419.3697409527085,GM11
2026,韩国,GitHub项目数,4626.137999999919,LINEAR
2027,韩国,GitHub项目数,4901.847636363469,LINEAR
2028,韩国,GitHub项目数,5177.557272727136,LINEAR
2029,韩国,GitHub项目数,5453.266909090802,LINEAR
2030,韩国,GitHub项目数,5728.976545454469,LINEAR
2031,韩国,GitHub项目数,6004.686181818135,LINEAR
2032,韩国,GitHub项目数,6280.395818181685,LINEAR
2033,韩国,GitHub项目数,6556.105454545352,LINEAR
2034,韩国,GitHub项目数,6831.815090909018,LINEAR
2035,韩国,GitHub项目数,7107.524727272685,LINEAR
2026,中国,TOP500上榜数,58.19999999998254,LINEAR
2027,中国,TOP500上榜数,39.98181818179728,LINEAR
2028,中国,TOP500上榜数,21.763636363612022,LINEAR
2029,中国,TOP500上榜数,3.5454545454267645,LINEAR
2030,中国,TOP500上榜数,0.0,LINEAR
2031,中国,TOP500上榜数,0.0,LINEAR
2032,中国,TOP500上榜数,0.0,LINEAR
2033,中国,TOP500上榜数,0.0,LINEAR
2034,中国,TOP500上榜数,0.0,LINEAR
2035,中国,TOP500上榜数,0.0,LINEAR
2026,加拿大,TOP500上榜数,16.066666666665697,LINEAR
2027,加拿大,TOP500上榜数,17.26060606060537,LINEAR
2028,加拿大,TOP500上榜数,18.45454545454504,LINEAR
2029,加拿大,TOP500上榜数,19.64848484848426,LINEAR
2030,加拿大,TOP500上榜数,20.84242424242393,LINEAR
2031,加拿大,TOP500上榜数,22.03636363636315,LINEAR
2032,加拿大,TOP500上榜数,23.23030303030282,LINEAR
2033,加拿大,TOP500上榜数,24.42424242424204,LINEAR
2034,加拿大,TOP500上榜数,25.61818181818171,LINEAR
2035,加拿大,TOP500上榜数,26.812121212121383,LINEAR
2026,印度,TOP500上榜数,5.9329913263458,GM11
2027,印度,TOP500上榜数,6.514620113908663,GM11
2028,印度,TOP500上榜数,7.153267701586671,GM11
2029,印度,TOP500上榜数,7.8545238119590834,GM11
2030,印度,TOP500上榜数,8.624526144736265,GM11
2031,印度,TOP500上榜数,9.470014096588187,GM11
2032,印度,TOP500上榜数,10.398387747286606,GM11
2033,印度,TOP500上榜数,11.417772628435245,GM11
2034,印度,TOP500上榜数,12.537090841670377,GM11
2035,印度,TOP500上榜数,13.766139148790927,GM11
2026,德国,TOP500上榜数,48.78658410296828,GM11
2027,德国,TOP500上榜数,55.362330550769684,GM11
2028,德国,TOP500上榜数,62.824395279320356,GM11
2029,德国,TOP500上榜数,71.29224154667412,GM11
2030,德国,TOP500上榜数,80.90143458049852,GM11
2031,德国,TOP500上榜数,91.80581189746636,GM11
2032,德国,TOP500上榜数,104.17994615122234,GM11
2033,德国,TOP500上榜数,118.22193993767314,GM11
2034,德国,TOP500上榜数,134.15659730078266,GM11
2035,德国,TOP500上榜数,152.2390227128144,GM11
2026,日本,TOP500上榜数,37.666666666666515,LINEAR
2027,日本,TOP500上榜数,38.551515151515105,LINEAR
2028,日本,TOP500上榜数,39.436363636363694,LINEAR
2029,日本,TOP500上榜数,40.321212121212056,LINEAR
2030,日本,TOP500上榜数,41.206060606060646,LINEAR
2031,日本,TOP500上榜数,42.090909090909236,LINEAR
2032,日本,TOP500上榜数,42.975757575757825,LINEAR
2033,日本,TOP500上榜数,43.860606060606415,LINEAR
2034,日本,TOP500上榜数,44.745454545455004,LINEAR
2035,日本,TOP500上榜数,45.630303030303594,LINEAR
2026,法国,TOP500上榜数,25.42560082240675,GM11
2027,法国,TOP500上榜数,26.56504625479556,GM11
2028,法国,TOP500上榜数,27.755555805686868,GM11
2029,法国,TOP500上榜数,28.999417907790644,GM11
2030,法国,TOP500上榜数,30.29902354966987,GM11
2031,法国,TOP500上榜数,31.656870871770934,GM11
2032,法国,TOP500上榜数,33.075569968422315,GM11
2033,法国,TOP500上榜数,34.55784790503503,GM11
2034,法国,TOP500上榜数,36.106553960149654,GM11
2035,法国,TOP500上榜数,37.7246651024019,GM11
2026,美国,TOP500上榜数,179.20150074245203,GM11
2027,美国,TOP500上榜数,188.55731604852735,GM11
2028,美国,TOP500上榜数,198.40158306777994,GM11
2029,美国,TOP500上榜数,208.75980305993608,GM11
2030,美国,TOP500上榜数,219.6588086635129,GM11
2031,美国,TOP500上榜数,231.12683340490275,GM11
2032,美国,TOP500上榜数,243.1935848364219,GM11
2033,美国,TOP500上榜数,255.89032149278228,GM11
2034,美国,TOP500上榜数,269.24993386533606,GM11
2035,美国,TOP500上榜数,283.30702960382223,GM11
2026,英国,TOP500上榜数,11.599999999999568,LINEAR
2027,英国,TOP500上榜数,11.254545454544882,LINEAR
2028,英国,TOP500上榜数,10.90909090909031,LINEAR
2029,英国,TOP500上榜数,10.563636363635624,LINEAR
2030,英国,TOP500上榜数,10.218181818180938,LINEAR
2031,英国,TOP500上榜数,9.872727272726365,LINEAR
2032,英国,TOP500上榜数,9.52727272727168,LINEAR
2033,英国,TOP500上榜数,9.181818181817107,LINEAR
2034,英国,TOP500上榜数,8.836363636362421,LINEAR
2035,英国,TOP500上榜数,8.490909090907735,LINEAR
2026,阿联酋,TOP500上榜数,4.066666666666947,LINEAR
2027,阿联酋,TOP500上榜数,4.496969696970041,LINEAR
2028,阿联酋,TOP500上榜数,4.9272727272731345,LINEAR
2029,阿联酋,TOP500上榜数,5.357575757576228,LINEAR
2030,阿联酋,TOP500上榜数,5.787878787879322,LINEAR
2031,阿联酋,TOP500上榜数,6.2181818181824156,LINEAR
2032,阿联酋,TOP500上榜数,6.648484848485509,LINEAR
2033,阿联酋,TOP500上榜数,7.078787878788603,LINEAR
2034,阿联酋,TOP500上榜数,7.509090909091697,LINEAR
2035,阿联酋,TOP500上榜数,7.93939393939479,LINEAR
2026,韩国,TOP500上榜数,17.87907944907832,GM11
2027,韩国,TOP500上榜数,21.75420395700165,GM11
2028,韩国,TOP500上榜数,26.469225731150345,GM11
2029,韩国,TOP500上榜数,32.206184707627415,GM11
2030,韩国,TOP500上榜数,39.18657628889892,GM11
2031,韩国,TOP500上榜数,47.67990294988368,GM11
2032,韩国,TOP500上榜数,58.01407932527991,GM11
2033,韩国,TOP500上榜数,70.58809250298793,GM11
2034,韩国,TOP500上榜数,85.88740631861009,GM11
2035,韩国,TOP500上榜数,104.50270438779387,GM11
2026,中国,互联网带宽,1.6066666666666833,LINEAR
2027,中国,互联网带宽,1.752424242424297,LINEAR
2028,中国,互联网带宽,1.8981818181819108,LINEAR
2029,中国,互联网带宽,2.0439393939394677,LINEAR
2030,中国,互联网带宽,2.1896969696970814,LINEAR
2031,中国,互联网带宽,2.335454545454695,LINEAR
2032,中国,互联网带宽,2.481212121212309,LINEAR
2033,中国,互联网带宽,2.6269696969698657,LINEAR
2034,中国,互联网带宽,2.7727272727274794,LINEAR
2035,中国,互联网带宽,2.918484848485093,LINEAR
2026,加拿大,互联网带宽,0.49866666666667925,LINEAR
2027,加拿大,互联网带宽,0.5580606060606357,LINEAR
2028,加拿大,互联网带宽,0.6174545454545779,LINEAR
2029,加拿大,互联网带宽,0.6768484848485343,LINEAR
2030,加拿大,互联网带宽,0.7362424242424765,LINEAR
2031,加拿大,互联网带宽,0.795636363636433,LINEAR
2032,加拿大,互联网带宽,0.8550303030303894,LINEAR
2033,加拿大,互联网带宽,0.9144242424243316,LINEAR
2034,加拿大,互联网带宽,0.973818181818288,LINEAR
2035,加拿大,互联网带宽,1.0,LINEAR
2026,印度,互联网带宽,1.0,GM11
2027,印度,互联网带宽,1.0,GM11
2028,印度,互联网带宽,1.0,GM11
2029,印度,互联网带宽,1.0,GM11
2030,印度,互联网带宽,1.0,GM11
2031,印度,互联网带宽,1.0,GM11
2032,印度,互联网带宽,1.0,GM11
2033,印度,互联网带宽,1.0,GM11
2034,印度,互联网带宽,1.0,GM11
2035,印度,互联网带宽,1.0,GM11
2026,德国,互联网带宽,0.1259999999999959,LINEAR
2027,德国,互联网带宽,0.13218181818181485,LINEAR
2028,德国,互联网带宽,0.13836363636363203,LINEAR
2029,德国,互联网带宽,0.14454545454545098,LINEAR
2030,德国,互联网带宽,0.15072727272726816,LINEAR
2031,德国,互联网带宽,0.1569090909090871,LINEAR
2032,德国,互联网带宽,0.16309090909090607,LINEAR
2033,德国,互联网带宽,0.16927272727272324,LINEAR
2034,德国,互联网带宽,0.1754545454545422,LINEAR
2035,德国,互联网带宽,0.18163636363635938,LINEAR
2026,日本,互联网带宽,1.0,LINEAR
2027,日本,互联网带宽,1.0,LINEAR
2028,日本,互联网带宽,1.0,LINEAR
2029,日本,互联网带宽,1.0,LINEAR
2030,日本,互联网带宽,1.0,LINEAR
2031,日本,互联网带宽,1.0,LINEAR
2032,日本,互联网带宽,1.0,LINEAR
2033,日本,互联网带宽,1.0,LINEAR
2034,日本,互联网带宽,1.0,LINEAR
2035,日本,互联网带宽,1.0,LINEAR
2026,法国,互联网带宽,2.2933333333334076,LINEAR
2027,法国,互联网带宽,2.57212121212126,LINEAR
2028,法国,互联网带宽,2.8509090909092265,LINEAR
2029,法国,互联网带宽,3.129696969697193,LINEAR
2030,法国,互联网带宽,3.4084848484850454,LINEAR
2031,法国,互联网带宽,3.6872727272730117,LINEAR
2032,法国,互联网带宽,3.966060606060978,LINEAR
2033,法国,互联网带宽,4.244848484848831,LINEAR
2034,法国,互联网带宽,4.523636363636797,LINEAR
2035,法国,互联网带宽,4.802424242424763,LINEAR
2026,美国,互联网带宽,41.020000000002256,LINEAR
2027,美国,互联网带宽,45.869090909094666,LINEAR
2028,美国,互联网带宽,50.71818181818526,LINEAR
2029,美国,互联网带宽,55.56727272727767,LINEAR
2030,美国,互联网带宽,60.41636363637008,LINEAR
2031,美国,互联网带宽,65.26545454546067,LINEAR
2032,美国,互联网带宽,70.11454545455308,LINEAR
2033,美国,互联网带宽,74.96363636364549,LINEAR
2034,美国,互联网带宽,79.81272727273608,LINEAR
2035,美国,互联网带宽,84.6618181818285,LINEAR
2026,英国,互联网带宽,0.23733333333333206,LINEAR
2027,英国,互联网带宽,0.25721212121212744,LINEAR
2028,英国,互联网带宽,0.2770909090909157,LINEAR
2029,英国,互联网带宽,0.296969696969704,LINEAR
2030,英国,互联网带宽,0.31684848484849226,LINEAR
2031,英国,互联网带宽,0.33672727272728764,LINEAR
2032,英国,互联网带宽,0.3566060606060759,LINEAR
2033,英国,互联网带宽,0.3764848484848642,LINEAR
2034,英国,互联网带宽,0.39636363636365957,LINEAR
2035,英国,互联网带宽,0.41624242424244784,LINEAR
2026,阿联酋,互联网带宽,19.70600000000013,LINEAR
2027,阿联酋,互联网带宽,22.21254545454667,LINEAR
2028,阿联酋,互联网带宽,24.7190909090923,LINEAR
2029,阿联酋,互联网带宽,27.225636363637932,LINEAR
2030,阿联酋,互联网带宽,29.732181818184472,LINEAR
2031,阿联酋,互联网带宽,32.2387272727301,LINEAR
2032,阿联酋,互联网带宽,34.74527272727573,LINEAR
2033,阿联酋,互联网带宽,37.25181818182227,LINEAR
2034,阿联酋,互联网带宽,39.7583636363679,LINEAR
2035,阿联酋,互联网带宽,42.264909090913534,LINEAR
2026,韩国,互联网带宽,4.440000000000055,LINEAR
2027,韩国,互联网带宽,4.996363636363867,LINEAR
2028,韩国,互联网带宽,5.5527272727276795,LINEAR
2029,韩国,互联网带宽,6.109090909091492,LINEAR
2030,韩国,互联网带宽,6.665454545455077,LINEAR
2031,韩国,互联网带宽,7.22181818181889,LINEAR
2032,韩国,互联网带宽,7.778181818182702,LINEAR
2033,韩国,互联网带宽,8.334545454546287,LINEAR
2034,韩国,互联网带宽,8.8909090909101,LINEAR
2035,韩国,互联网带宽,9.447272727273912,LINEAR
2026,中国,互联网普及率,83.9898983204721,GM11
2027,中国,互联网普及率,88.41582750778684,GM11
2028,中国,互联网普及率,93.07498532810223,GM11
2029,中国,互联网普及率,97.97966199053508,GM11
2030,中国,互联网普及率,100.0,GM11
2031,中国,互联网普及率,100.0,GM11
2032,中国,互联网普及率,100.0,GM11
2033,中国,互联网普及率,100.0,GM11
2034,中国,互联网普及率,100.0,GM11
2035,中国,互联网普及率,100.0,GM11
2026,加拿大,互联网普及率,97.97958965465659,GM11
2027,加拿大,互联网普及率,98.87124799614321,GM11
2028,加拿大,互联网普及率,99.77102082964302,GM11
2029,加拿大,互联网普及率,100.0,GM11
2030,加拿大,互联网普及率,100.0,GM11
2031,加拿大,互联网普及率,100.0,GM11
2032,加拿大,互联网普及率,100.0,GM11
2033,加拿大,互联网普及率,100.0,GM11
2034,加拿大,互联网普及率,100.0,GM11
2035,加拿大,互联网普及率,100.0,GM11
2026,印度,互联网普及率,65.78355370234055,GM11
2027,印度,互联网普及率,71.52863947814626,GM11
2028,印度,互联网普及率,77.77546176275644,GM11
2029,印度,互联网普及率,84.56783879215402,GM11
2030,印度,互联网普及率,91.9534155874394,GM11
2031,印度,互联网普及率,99.98399816007668,GM11
2032,印度,互联网普及率,100.0,GM11
2033,印度,互联网普及率,100.0,GM11
2034,印度,互联网普及率,100.0,GM11
2035,印度,互联网普及率,100.0,GM11
2026,德国,互联网普及率,98.26041751107914,GM11
2027,德国,互联网普及率,99.18830236022222,GM11
2028,德国,互联网普及率,100.0,GM11
2029,德国,互联网普及率,100.0,GM11
2030,德国,互联网普及率,100.0,GM11
2031,德国,互联网普及率,100.0,GM11
2032,德国,互联网普及率,100.0,GM11
2033,德国,互联网普及率,100.0,GM11
2034,德国,互联网普及率,100.0,GM11
2035,德国,互联网普及率,100.0,GM11
2026,日本,互联网普及率,100.0,GM11
2027,日本,互联网普及率,100.0,GM11
2028,日本,互联网普及率,100.0,GM11
2029,日本,互联网普及率,100.0,GM11
2030,日本,互联网普及率,100.0,GM11
2031,日本,互联网普及率,100.0,GM11
2032,日本,互联网普及率,100.0,GM11
2033,日本,互联网普及率,100.0,GM11
2034,日本,互联网普及率,100.0,GM11
2035,日本,互联网普及率,100.0,GM11
2026,法国,互联网普及率,96.09942899051384,GM11
2027,法国,互联网普及率,97.16112494917434,GM11
2028,法国,互联网普及率,98.23455040842055,GM11
2029,法国,互联网普及率,99.3198349544873,GM11
2030,法国,互联网普及率,100.0,GM11
2031,法国,互联网普及率,100.0,GM11
2032,法国,互联网普及率,100.0,GM11
2033,法国,互联网普及率,100.0,GM11
2034,法国,互联网普及率,100.0,GM11
2035,法国,互联网普及率,100.0,GM11
2026,美国,互联网普及率,94.5893453702356,GM11
2027,美国,互联网普及率,95.2108499939095,GM11
2028,美国,互联网普及率,95.8364382487307,GM11
2029,美国,互联网普及率,96.46613696642999,GM11
2030,美国,互联网普及率,97.09997315504006,GM11
2031,美国,互联网普及率,97.73797400003969,GM11
2032,美国,互联网普及率,98.38016686554147,GM11
2033,美国,互联网普及率,99.02657929545603,GM11
2034,美国,互联网普及率,99.67723901466161,GM11
2035,美国,互联网普及率,100.0,GM11
2026,英国,互联网普及率,98.74432038356099,GM11
2027,英国,互联网普及率,99.25844589722692,GM11
2028,英国,互联网普及率,99.77524827415255,GM11
2029,英国,互联网普及率,100.0,GM11
2030,英国,互联网普及率,100.0,GM11
2031,英国,互联网普及率,100.0,GM11
2032,英国,互联网普及率,100.0,GM11
2033,英国,互联网普及率,100.0,GM11
2034,英国,互联网普及率,100.0,GM11
2035,英国,互联网普及率,100.0,GM11
2026,阿联酋,互联网普及率,100.0,GM11
2027,阿联酋,互联网普及率,100.0,GM11
2028,阿联酋,互联网普及率,100.0,GM11
2029,阿联酋,互联网普及率,100.0,GM11
2030,阿联酋,互联网普及率,100.0,GM11
2031,阿联酋,互联网普及率,100.0,GM11
2032,阿联酋,互联网普及率,100.0,GM11
2033,阿联酋,互联网普及率,100.0,GM11
2034,阿联酋,互联网普及率,100.0,GM11
2035,阿联酋,互联网普及率,100.0,GM11
2026,韩国,互联网普及率,100.0,GM11
2027,韩国,互联网普及率,100.0,GM11
2028,韩国,互联网普及率,100.0,GM11
2029,韩国,互联网普及率,100.0,GM11
2030,韩国,互联网普及率,100.0,GM11
2031,韩国,互联网普及率,100.0,GM11
2032,韩国,互联网普及率,100.0,GM11
2033,韩国,互联网普及率,100.0,GM11
2034,韩国,互联网普及率,100.0,GM11
2035,韩国,互联网普及率,100.0,GM11
2026,中国,企业研发支出,665.3334741373183,GM11
2027,中国,企业研发支出,764.7121715769244,GM11
2028,中国,企业研发支出,878.9347418843445,GM11
2029,中国,企业研发支出,1010.2183660791734,GM11
2030,中国,企业研发支出,1161.1113982998795,GM11
2031,中国,企业研发支出,1334.5428320556193,GM11
2032,中国,企业研发支出,1533.8791550912538,GM11
2033,中国,企业研发支出,1762.989696478613,GM11
2034,中国,企业研发支出,2026.3217343903725,GM11
2035,中国,企业研发支出,2328.9868224777947,GM11
2026,加拿大,企业研发支出,58.115981251678136,GM11
2027,加拿大,企业研发支出,66.4175561548704,GM11
2028,加拿大,企业研发支出,75.90496917675216,GM11
2029,加拿大,企业研发支出,86.74761131362715,GM11
2030,加拿大,企业研发支出,99.13907021155774,GM11
2031,加拿大,企业研发支出,113.30058653578362,GM11
2032,加拿大,企业研发支出,129.4850040650881,GM11
2033,加拿大,企业研发支出,147.981284037224,GM11
2034,加拿大,企业研发支出,169.11966434582655,GM11
2035,加拿大,企业研发支出,193.27755570258614,GM11
2026,印度,企业研发支出,54.44320259287858,GM11
2027,印度,企业研发支出,63.78994087518538,GM11
2028,印度,企业研发支出,74.74131504144668,GM11
2029,印度,企业研发支出,87.57280689529318,GM11
2030,印度,企业研发支出,102.60719259846553,GM11
2031,印度,企业研发支出,120.22266210476471,GM11
2032,印度,企业研发支出,140.862332527871,GM11
2033,印度,企业研发支出,165.04539475179467,GM11
2034,印度,企业研发支出,193.38017367692078,GM11
2035,印度,企业研发支出,226.57943063212429,GM11
2026,德国,企业研发支出,102.95518588063806,GM11
2027,德国,企业研发支出,110.01122227630526,GM11
2028,德国,企业研发支出,117.55084431354305,GM11
2029,德国,企业研发支出,125.60719454712398,GM11
2030,德国,企业研发支出,134.21568695769338,GM11
2031,德国,企业研发支出,143.41416262399935,GM11
2032,德国,企业研发支出,153.243056064126,GM11
2033,德国,企业研发支出,163.74557297692536,GM11
2034,德国,企业研发支出,174.9678801649693,GM11
2035,德国,企业研发支出,186.95930847386717,GM11
2026,日本,企业研发支出,132.1237776631433,GM11
2027,日本,企业研发支出,138.54844786491776,GM11
2028,日本,企业研发支出,145.28552502274306,GM11
2029,日本,企业研发支出,152.3502002831092,GM11
2030,日本,企业研发支出,159.7584034794245,GM11
2031,日本,企业研发支出,167.5268390515157,GM11
2032,日本,企业研发支出,175.67302371175174,GM11
2033,日本,企业研发支出,184.21532594272594,GM11
2034,日本,企业研发支出,193.17300741556346,GM11
2035,日本,企业研发支出,202.5662664222391,GM11
2026,法国,企业研发支出,79.42481478745748,GM11
2027,法国,企业研发支出,87.6668448192836,GM11
2028,法国,企业研发支出,96.76416244891311,GM11
2029,法国,企业研发支出,106.80552213030091,GM11
2030,法国,企业研发支出,117.8888884978337,GM11
2031,法国,企业研发支出,130.12239212032136,GM11
2032,法国,企业研发支出,143.62538443498715,GM11
2033,法国,企业研发支出,158.52960215351163,GM11
2034,法国,企业研发支出,174.9804525002105,GM11
2035,法国,企业研发支出,193.13843182126584,GM11
2026,美国,企业研发支出,794.2481478745722,GM11
2027,美国,企业研发支出,876.6684481928351,GM11
2028,美国,企业研发支出,967.6416244891316,GM11
2029,美国,企业研发支出,1068.0552213030069,GM11
2030,美国,企业研发支出,1178.8888849783361,GM11
2031,美国,企业研发支出,1301.2239212032146,GM11
2032,美国,企业研发支出,1436.253844349867,GM11
2033,美国,企业研发支出,1585.2960215351159,GM11
2034,美国,企业研发支出,1749.804525002106,GM11
2035,美国,企业研发支出,1931.3843182126511,GM11
2026,英国,企业研发支出,74.93471376717969,GM11
2027,英国,企业研发支出,83.59597861305792,GM11
2028,英国,企业研发支出,93.25834835357239,GM11
2029,英国,企业研发支出,104.03753484234835,GM11
2030,英国,企业研发支出,116.0626243887175,GM11
2031,英国,企业研发支出,129.47762363274853,GM11
2032,英国,企业研发支出,144.4431840989232,GM11
2033,英国,企业研发支出,161.13852608087495,GM11
2034,英国,企业研发支出,179.76358489670292,GM11
2035,英国,企业研发支出,200.54140521736713,GM11
2026,阿联酋,企业研发支出,36.19999999999982,LINEAR
2027,阿联酋,企业研发支出,40.01818181818271,LINEAR
2028,阿联酋,企业研发支出,43.836363636364695,LINEAR
2029,阿联酋,企业研发支出,47.65454545454759,LINEAR
2030,阿联酋,企业研发支出,51.47272727272957,LINEAR
2031,阿联酋,企业研发支出,55.290909090912464,LINEAR
2032,阿联酋,企业研发支出,59.10909090909445,LINEAR
2033,阿联酋,企业研发支出,62.92727272727734,LINEAR
2034,阿联酋,企业研发支出,66.74545454545932,LINEAR
2035,阿联酋,企业研发支出,70.56363636364222,LINEAR
2026,韩国,企业研发支出,84.01792554201404,GM11
2027,韩国,企业研发支出,91.92611879730566,GM11
2028,韩国,企业研发支出,100.57867130878662,GM11
2029,韩国,企业研发支出,110.0456459447239,GM11
2030,韩国,企业研发支出,120.40370024587457,GM11
2031,韩国,企业研发支出,131.73670714950822,GM11
2032,韩国,企业研发支出,144.13643413911404,GM11
2033,韩国,企业研发支出,157.70328631913753,GM11
2034,韩国,企业研发支出,172.54711943166376,GM11
2035,韩国,企业研发支出,188.78812939836462,GM11
2026,中国,国际AI投资,4699.711733333126,LINEAR
2027,中国,国际AI投资,4902.776775757375,LINEAR
2028,中国,国际AI投资,5105.841818181623,LINEAR
2029,中国,国际AI投资,5308.906860605814,LINEAR
2030,中国,国际AI投资,5511.971903030062,LINEAR
2031,中国,国际AI投资,5715.036945454311,LINEAR
2032,中国,国际AI投资,5918.101987878501,LINEAR
2033,中国,国际AI投资,6121.1670303027495,LINEAR
2034,中国,国际AI投资,6324.232072726998,LINEAR
2035,中国,国际AI投资,6527.2971151512465,LINEAR
2026,加拿大,国际AI投资,866.5319238091615,GM11
2027,加拿大,国际AI投资,1072.0423098750434,GM11
2028,加拿大,国际AI投资,1326.2924106825212,GM11
2029,加拿大,国际AI投资,1640.8415436878486,GM11
2030,加拿大,国际AI投资,2029.9904830989863,GM11
2031,加拿大,国际AI投资,2511.4316353854974,GM11
2032,加拿大,国际AI投资,3107.0534131698914,GM11
2033,加拿大,国际AI投资,3843.935377842299,GM11
2034,加拿大,国际AI投资,4755.579394418233,GM11
2035,加拿大,国际AI投资,5883.432772303793,GM11
2026,印度,国际AI投资,1152.9493442784942,GM11
2027,印度,国际AI投资,1427.8516797760149,GM11
2028,印度,国际AI投资,1768.3000814880015,GM11
2029,印度,国际AI投资,2189.9229608224887,GM11
2030,印度,国际AI投资,2712.075073989683,GM11
2031,印度,国际AI投资,3358.726009335802,GM11
2032,印度,国际AI投资,4159.560520274794,GM11
2033,印度,国际AI投资,5151.341215013301,GM11
2034,印度,国际AI投资,6379.596157851214,GM11
2035,印度,国际AI投资,7900.708852027565,GM11
2026,德国,国际AI投资,832.9878182001185,GM11
2027,德国,国际AI投资,1006.8548052011647,GM11
2028,德国,国际AI投资,1217.0125139970878,GM11
2029,德国,国际AI投资,1471.0357954040728,GM11
2030,德国,国际AI投资,1778.0805755669244,GM11
2031,德国,国际AI投资,2149.2138689527837,GM11
2032,德国,国际AI投资,2597.8126739426298,GM11
2033,德国,国际AI投资,3140.0461286736845,GM11
2034,德国,国际AI投资,3795.4583057886593,GM11
2035,德国,国际AI投资,4587.672652141828,GM11
2026,日本,国际AI投资,962.9126648991833,GM11
2027,日本,国际AI投资,1154.0430192044023,GM11
2028,日本,国际AI投资,1383.1111986816104,GM11
2029,日本,国际AI投资,1657.647553933738,GM11
2030,日本,国际AI投资,1986.6771490836873,GM11
2031,日本,国际AI投资,2381.016450285215,GM11
2032,日本,国际AI投资,2853.62890449696,GM11
2033,日本,国际AI投资,3420.0510977591366,GM11
2034,日本,国际AI投资,4098.903502431884,GM11
2035,日本,国际AI投资,4912.502603618017,GM11
2026,法国,国际AI投资,957.651474572589,GM11
2027,法国,国际AI投资,1185.3399349921765,GM11
2028,法国,国际AI投资,1467.162948936445,GM11
2029,法国,国际AI投资,1815.991392162201,GM11
2030,法国,国际AI投资,2247.7562828299415,GM11
2031,法国,国际AI投资,2782.17635216093,GM11
2032,法国,国际AI投资,3443.658600201148,GM11
2033,法国,国际AI投资,4262.412965133775,GM11
2034,法国,国际AI投资,5275.832013161598,GM11
2035,法国,国际AI投资,6530.198659487982,GM11
2026,美国,国际AI投资,16216.354466666933,LINEAR
2027,美国,国际AI投资,18030.2532060612,LINEAR
2028,美国,国际AI投资,19844.151945455465,LINEAR
2029,美国,国际AI投资,21658.05068484973,LINEAR
2030,美国,国际AI投资,23471.949424243998,LINEAR
2031,美国,国际AI投资,25285.848163638264,LINEAR
2032,美国,国际AI投资,27099.74690303253,LINEAR
2033,美国,国际AI投资,28913.645642426796,LINEAR
2034,美国,国际AI投资,30727.544381821062,LINEAR
2035,美国,国际AI投资,32541.44312121533,LINEAR
2026,英国,国际AI投资,952.680594691732,GM11
2027,英国,国际AI投资,1137.4601655379347,GM11
2028,英国,国际AI投资,1358.0791247293528,GM11
2029,英国,国际AI投资,1621.4887913489083,GM11
2030,英国,国际AI投资,1935.9887451286195,GM11
2031,英国,国际AI投资,2311.488331748944,GM11
2032,英国,国际AI投资,2759.818889058941,GM11
2033,英国,国际AI投资,3295.1065319216177,GM11
2034,英国,国际AI投资,3934.2172414853158,GM11
2035,英国,国际AI投资,4697.288282868922,GM11
2026,阿联酋,国际AI投资,432.66666666668607,LINEAR
2027,阿联酋,国际AI投资,475.78787878791627,LINEAR
2028,阿联酋,国际AI投资,518.9090909091319,LINEAR
2029,阿联酋,国际AI投资,562.0303030303476,LINEAR
2030,阿联酋,国际AI投资,605.1515151515778,LINEAR
2031,阿联酋,国际AI投资,648.2727272727934,LINEAR
2032,阿联酋,国际AI投资,691.3939393940091,LINEAR
2033,阿联酋,国际AI投资,734.5151515152393,LINEAR
2034,阿联酋,国际AI投资,777.6363636364549,LINEAR
2035,阿联酋,国际AI投资,820.7575757576706,LINEAR
2026,韩国,国际AI投资,829.4682939099421,GM11
2027,韩国,国际AI投资,1013.9673125773875,GM11
2028,韩国,国际AI投资,1239.504533837001,GM11
2029,韩国,国际AI投资,1515.208104191448,GM11
2030,韩国,国际AI投资,1852.2365480184208,GM11
2031,韩国,国际AI投资,2264.2303854664005,GM11
2032,韩国,国际AI投资,2767.864203929059,GM11
2033,韩国,国际AI投资,3383.521527034787,GM11
2034,韩国,国际AI投资,4136.119795059589,GM11
2035,韩国,国际AI投资,5056.118846117166,GM11
2026,中国,大模型数量,829.2000000000116,LINEAR
2027,中国,大模型数量,934.363636363647,LINEAR
2028,中国,大模型数量,1039.5272727273114,LINEAR
2029,中国,大模型数量,1144.6909090909758,LINEAR
2030,中国,大模型数量,1249.8545454546402,LINEAR
2031,中国,大模型数量,1355.0181818183046,LINEAR
2032,中国,大模型数量,1460.18181818194,LINEAR
2033,中国,大模型数量,1565.3454545456043,LINEAR
2034,中国,大模型数量,1670.5090909092687,LINEAR
2035,中国,大模型数量,1775.6727272729331,LINEAR
2026,加拿大,大模型数量,11.812197835156795,GM11
2027,加拿大,大模型数量,14.251290856491906,GM11
2028,加拿大,大模型数量,17.194030603842563,GM11
2029,加拿大,大模型数量,20.744414760941126,GM11
2030,加拿大,大模型数量,25.0279154253559,GM11
2031,加拿大,大模型数量,30.195913346188263,GM11
2032,加拿大,大模型数量,36.431047784617505,GM11
2033,加拿大,大模型数量,43.953671063658334,GM11
2034,加拿大,大模型数量,53.02963591368362,GM11
2035,加拿大,大模型数量,63.979690821842894,GM11
2026,印度,大模型数量,14.73333333333403,LINEAR
2027,印度,大模型数量,16.3939393939404,LINEAR
2028,印度,大模型数量,18.05454545454677,LINEAR
2029,印度,大模型数量,19.71515151515314,LINEAR
2030,印度,大模型数量,21.375757575759508,LINEAR
2031,印度,大模型数量,23.036363636365877,LINEAR
2032,印度,大模型数量,24.696969696972246,LINEAR
2033,印度,大模型数量,26.357575757578616,LINEAR
2034,印度,大模型数量,28.018181818184985,LINEAR
2035,印度,大模型数量,29.678787878791354,LINEAR
2026,德国,大模型数量,21.841171352583714,GM11
2027,德国,大模型数量,28.68169520045788,GM11
2028,德国,大模型数量,37.66463008288491,GM11
2029,德国,大模型数量,49.46096628409575,GM11
2030,德国,大模型数量,64.95184422023874,GM11
2031,德国,大模型数量,85.29437220005752,GM11
2032,德国,大模型数量,112.0080579133894,GM11
2033,德国,大模型数量,147.08830974337985,GM11
2034,德国,大模型数量,193.1554860088171,GM11
2035,德国,大模型数量,253.65062553505572,GM11
2026,日本,大模型数量,21.841171352583714,GM11
2027,日本,大模型数量,28.68169520045788,GM11
2028,日本,大模型数量,37.66463008288491,GM11
2029,日本,大模型数量,49.46096628409575,GM11
2030,日本,大模型数量,64.95184422023874,GM11
2031,日本,大模型数量,85.29437220005752,GM11
2032,日本,大模型数量,112.0080579133894,GM11
2033,日本,大模型数量,147.08830974337985,GM11
2034,日本,大模型数量,193.1554860088171,GM11
2035,日本,大模型数量,253.65062553505572,GM11
2026,法国,大模型数量,30.750393234939224,GM11
2027,法国,大模型数量,43.168584072692056,GM11
2028,法国,大模型数量,60.60171772774942,GM11
2029,法国,大模型数量,85.07502088485339,GM11
2030,法国,大模型数量,119.43158461404596,GM11
2031,法国,大模型数量,167.66264944827702,GM11
2032,法国,大模型数量,235.3712722715544,GM11
2033,法国,大模型数量,330.42323971995177,GM11
2034,法国,大模型数量,463.8608454351436,GM11
2035,法国,大模型数量,651.1856856986506,GM11
2026,美国,大模型数量,184.66666666666424,LINEAR
2027,美国,大模型数量,205.80606060606078,LINEAR
2028,美国,大模型数量,226.94545454545732,LINEAR
2029,美国,大模型数量,248.08484848486114,LINEAR
2030,美国,大模型数量,269.2242424242577,LINEAR
2031,美国,大模型数量,290.3636363636542,LINEAR
2032,美国,大模型数量,311.50303030305076,LINEAR
2033,美国,大模型数量,332.6424242424473,LINEAR
2034,美国,大模型数量,353.7818181818511,LINEAR
2035,美国,大模型数量,374.92121212124766,LINEAR
2026,英国,大模型数量,26.565507532468303,GM11
2027,英国,大模型数量,34.57200984842321,GM11
2028,英国,大模型数量,44.99156899218548,GM11
2029,英国,大模型数量,58.55144925775579,GM11
2030,英国,大模型数量,76.19810304412826,GM11
2031,英国,大模型数量,99.16323133119533,GM11
2032,英国,大模型数量,129.0497539334993,GM11
2033,英国,大模型数量,167.94369008281376,GM11
2034,英国,大模型数量,218.55975837944504,GM11
2035,英国,大模型数量,284.43085869630704,GM11
2026,阿联酋,大模型数量,8.933333333333849,LINEAR
2027,阿联酋,大模型数量,9.957575757576706,LINEAR
2028,阿联酋,大模型数量,10.981818181819108,LINEAR
2029,阿联酋,大模型数量,12.00606060606151,LINEAR
2030,阿联酋,大模型数量,13.030303030304367,LINEAR
2031,阿联酋,大模型数量,14.05454545454677,LINEAR
2032,阿联酋,大模型数量,15.078787878789626,LINEAR
2033,阿联酋,大模型数量,16.10303030303203,LINEAR
2034,阿联酋,大模型数量,17.127272727274885,LINEAR
2035,阿联酋,大模型数量,18.151515151517287,LINEAR
2026,韩国,大模型数量,15.066666666666606,LINEAR
2027,韩国,大模型数量,16.76969696969718,LINEAR
2028,韩国,大模型数量,18.472727272727752,LINEAR
2029,韩国,大模型数量,20.175757575758325,LINEAR
2030,韩国,大模型数量,21.8787878787889,LINEAR
2031,韩国,大模型数量,23.58181818181947,LINEAR
2032,韩国,大模型数量,25.284848484850045,LINEAR
2033,韩国,大模型数量,26.987878787880618,LINEAR
2034,韩国,大模型数量,28.69090909091119,LINEAR
2035,韩国,大模型数量,30.393939393941764,LINEAR
2026,中国,政府AI投资,102.94503085395615,GM11
2027,中国,政府AI投资,124.93624960967867,GM11
2028,中国,政府AI投资,151.62525414826337,GM11
2029,中国,政府AI投资,184.01559008975164,GM11
2030,中国,政府AI投资,223.32518145670247,GM11
2031,中国,政府AI投资,271.0321263994165,GM11
2032,中国,政府AI投资,328.93027584903825,GM11
2033,中国,政府AI投资,399.1966849371888,GM11
2034,中国,政府AI投资,484.47347345422895,GM11
2035,中国,政府AI投资,587.9671734191302,GM11
2026,加拿大,政府AI投资,2.986666666666679,LINEAR
2027,加拿大,政府AI投资,3.229696969697045,LINEAR
2028,加拿大,政府AI投资,3.4727272727273544,LINEAR
2029,加拿大,政府AI投资,3.7157575757577206,LINEAR
2030,加拿大,政府AI投资,3.95878787878803,LINEAR
2031,加拿大,政府AI投资,4.201818181818396,LINEAR
2032,加拿大,政府AI投资,4.4448484848487055,LINEAR
2033,加拿大,政府AI投资,4.687878787879072,LINEAR
2034,加拿大,政府AI投资,4.930909090909381,LINEAR
2035,加拿大,政府AI投资,5.173939393939747,LINEAR
2026,印度,政府AI投资,2.7200000000000273,LINEAR
2027,印度,政府AI投资,2.979090909090928,LINEAR
2028,印度,政府AI投资,3.2381818181819426,LINEAR
2029,印度,政府AI投资,3.4972727272728434,LINEAR
2030,印度,政府AI投资,3.7563636363637443,LINEAR
2031,印度,政府AI投资,4.015454545454759,LINEAR
2032,印度,政府AI投资,4.27454545454566,LINEAR
2033,印度,政府AI投资,4.533636363636674,LINEAR
2034,印度,政府AI投资,4.792727272727575,LINEAR
2035,印度,政府AI投资,5.051818181818589,LINEAR
2026,德国,政府AI投资,5.707988802030567,GM11
2027,德国,政府AI投资,6.802262543376571,GM11
2028,德国,政府AI投资,8.106318585026571,GM11
2029,德国,政府AI投资,9.660374115658335,GM11
2030,德国,政府AI投资,11.512356327428478,GM11
2031,德国,政府AI投资,13.719380494266716,GM11
2032,德国,政府AI投资,16.349511411319327,GM11
2033,德国,政府AI投资,19.48386251846921,GM11
2034,德国,政府AI投资,23.21909744506405,GM11
2035,德国,政府AI投资,27.670411123684005,GM11
2026,日本,政府AI投资,5.133729351722497,GM11
2027,日本,政府AI投资,6.230445857954329,GM11
2028,日本,政府AI投资,7.561453463820737,GM11
2029,日本,政府AI投资,9.176803681317821,GM11
2030,日本,政府AI投资,11.137240506522389,GM11
2031,日本,政府AI投资,13.516484650602294,GM11
2032,日本,政府AI投资,16.40400575016531,GM11
2033,日本,政府AI投资,19.908386803773425,GM11
2034,日本,政府AI投资,24.16140735165648,GM11
2035,日本,政府AI投资,29.32299894344203,GM11
2026,法国,政府AI投资,9.799999999999727,LINEAR
2027,法国,政府AI投资,10.945454545454595,LINEAR
2028,法国,政府AI投资,12.090909090909463,LINEAR
2029,法国,政府AI投资,13.23636363636433,LINEAR
2030,法国,政府AI投资,14.381818181818744,LINEAR
2031,法国,政府AI投资,15.527272727273612,LINEAR
2032,法国,政府AI投资,16.67272727272848,LINEAR
2033,法国,政府AI投资,17.818181818183348,LINEAR
2034,法国,政府AI投资,18.96363636363776,LINEAR
2035,法国,政府AI投资,20.10909090909263,LINEAR
2026,美国,政府AI投资,54.36326816816006,GM11
2027,美国,政府AI投资,67.0145010515281,GM11
2028,美国,政府AI投资,82.6098853603425,GM11
2029,美国,政府AI投资,101.83457389321734,GM11
2030,美国,政府AI投资,125.5331658527088,GM11
2031,美国,政府AI投资,154.74681266431185,GM11
2032,美国,政府AI投资,190.75895893409324,GM11
2033,美国,政府AI投资,235.15172808474404,GM11
2034,美国,政府AI投资,289.87542986301423,GM11
2035,美国,政府AI投资,357.3342433953337,GM11
2026,英国,政府AI投资,6.214915609542615,GM11
2027,英国,政府AI投资,7.273260386484381,GM11
2028,英国,政府AI投资,8.511831853095146,GM11
2029,英国,政府AI投资,9.96132100948818,GM11
2030,英国,政府AI投资,11.657645259755505,GM11
2031,英国,政府AI投资,13.642838422018016,GM11
2032,英国,政府AI投资,15.966092299260225,GM11
2033,英国,政府AI投资,18.684975620402497,GM11
2034,英国,政府AI投资,21.866860556180953,GM11
2035,英国,政府AI投资,25.590592157976744,GM11
2026,阿联酋,政府AI投资,23.386666666669043,LINEAR
2027,阿联酋,政府AI投资,26.206060606063147,LINEAR
2028,阿联酋,政府AI投资,29.02545454545816,LINEAR
2029,阿联酋,政府AI投资,31.844848484852264,LINEAR
2030,阿联酋,政府AI投资,34.66424242424728,LINEAR
2031,阿联酋,政府AI投资,37.48363636364138,LINEAR
2032,阿联酋,政府AI投资,40.303030303035484,LINEAR
2033,阿联酋,政府AI投资,43.1224242424305,LINEAR
2034,阿联酋,政府AI投资,45.9418181818246,LINEAR
2035,阿联酋,政府AI投资,48.761212121219614,LINEAR
2026,韩国,政府AI投资,5.192795185192299,GM11
2027,韩国,政府AI投资,6.318305325873162,GM11
2028,韩国,政府AI投资,7.687763673944886,GM11
2029,韩国,政府AI投资,9.354044677835944,GM11
2030,韩国,政府AI投资,11.381483035371765,GM11
2031,韩国,政府AI投资,13.848357640560685,GM11
2032,韩国,政府AI投资,16.849913912349052,GM11
2033,韩国,政府AI投资,20.502041196711843,GM11
2034,韩国,政府AI投资,24.945747225664633,GM11
2035,韩国,政府AI投资,30.352602390954075,GM11
2026,中国,数据中心数量,288.3999999999942,LINEAR
2027,中国,数据中心数量,317.76363636363385,LINEAR
2028,中国,数据中心数量,347.1272727272735,LINEAR
2029,中国,数据中心数量,376.49090909092047,LINEAR
2030,中国,数据中心数量,405.85454545456014,LINEAR
2031,中国,数据中心数量,435.2181818181998,LINEAR
2032,中国,数据中心数量,464.5818181818395,LINEAR
2033,中国,数据中心数量,493.9454545454864,LINEAR
2034,中国,数据中心数量,523.3090909091261,LINEAR
2035,中国,数据中心数量,552.6727272727658,LINEAR
2026,加拿大,数据中心数量,288.59999999999854,LINEAR
2027,加拿大,数据中心数量,315.1636363636426,LINEAR
2028,加拿大,数据中心数量,341.72727272727934,LINEAR
2029,加拿大,数据中心数量,368.2909090909234,LINEAR
2030,加拿大,数据中心数量,394.85454545456014,LINEAR
2031,加拿大,数据中心数量,421.4181818182042,LINEAR
2032,加拿大,数据中心数量,447.98181818184094,LINEAR
2033,加拿大,数据中心数量,474.545454545485,LINEAR
2034,加拿大,数据中心数量,501.10909090912173,LINEAR
2035,加拿大,数据中心数量,527.6727272727658,LINEAR
2026,印度,数据中心数量,61.53333333333285,LINEAR
2027,印度,数据中心数量,67.73939393939509,LINEAR
2028,印度,数据中心数量,73.94545454545732,LINEAR
2029,印度,数据中心数量,80.15151515151774,LINEAR
2030,印度,数据中心数量,86.35757575757998,LINEAR
2031,印度,数据中心数量,92.56363636364222,LINEAR
2032,印度,数据中心数量,98.76969696970264,LINEAR
2033,印度,数据中心数量,104.97575757576487,LINEAR
2034,印度,数据中心数量,111.18181818182711,LINEAR
2035,印度,数据中心数量,117.38787878788753,LINEAR
2026,德国,数据中心数量,121.05941808809985,GM11
2027,德国,数据中心数量,131.07948875472232,GM11
2028,德国,数据中心数量,141.92891923282923,GM11
2029,德国,数据中心数量,153.67635551503008,GM11
2030,德国,数据中心数量,166.39612541289125,GM11
2031,德国,数据中心数量,180.1687088402773,GM11
2032,德国,数据中心数量,195.0812470219821,GM11
2033,德国,数据中心数量,211.2280938494673,GM11
2034,德国,数据中心数量,228.711412872256,GM11
2035,德国,数据中心数量,247.6418237022117,GM11
2026,日本,数据中心数量,265.3333333333285,LINEAR
2027,日本,数据中心数量,292.01212121211574,LINEAR
2028,日本,数据中心数量,318.6909090909103,LINEAR
2029,日本,数据中心数量,345.3696969697048,LINEAR
2030,日本,数据中心数量,372.0484848484921,LINEAR
2031,日本,数据中心数量,398.7272727272866,LINEAR
2032,日本,数据中心数量,425.40606060608116,LINEAR
2033,日本,数据中心数量,452.0848484848757,LINEAR
2034,日本,数据中心数量,478.76363636366295,LINEAR
2035,日本,数据中心数量,505.4424242424575,LINEAR
2026,法国,数据中心数量,345.4666666666744,LINEAR
2027,法国,数据中心数量,380.44242424244294,LINEAR
2028,法国,数据中心数量,415.41818181821145,LINEAR
2029,法国,数据中心数量,450.3939393939654,LINEAR
2030,法国,数据中心数量,485.3696969697339,LINEAR
2031,法国,数据中心数量,520.3454545455024,LINEAR
2032,法国,数据中心数量,555.3212121212564,LINEAR
2033,法国,数据中心数量,590.2969696970249,LINEAR
2034,法国,数据中心数量,625.2727272727934,LINEAR
2035,法国,数据中心数量,660.2484848485474,LINEAR
2026,美国,数据中心数量,331.46666666666715,LINEAR
2027,美国,数据中心数量,360.9151515151534,LINEAR
2028,美国,数据中心数量,390.36363636364695,LINEAR
2029,美国,数据中心数量,419.8121212121332,LINEAR
2030,美国,数据中心数量,449.26060606062674,LINEAR
2031,美国,数据中心数量,478.709090909113,LINEAR
2032,美国,数据中心数量,508.15757575760654,LINEAR
2033,美国,数据中心数量,537.6060606060928,LINEAR
2034,美国,数据中心数量,567.0545454545863,LINEAR
2035,美国,数据中心数量,596.5030303030726,LINEAR
2026,英国,数据中心数量,196.73333333332994,LINEAR
2027,英国,数据中心数量,214.32121212121274,LINEAR
2028,英国,数据中心数量,231.90909090908826,LINEAR
2029,英国,数据中心数量,249.49696969697106,LINEAR
2030,英国,数据中心数量,267.08484848485386,LINEAR
2031,英国,数据中心数量,284.67272727273667,LINEAR
2032,英国,数据中心数量,302.26060606061947,LINEAR
2033,英国,数据中心数量,319.84848484850227,LINEAR
2034,英国,数据中心数量,337.4363636363778,LINEAR
2035,英国,数据中心数量,355.0242424242606,LINEAR
2026,阿联酋,数据中心数量,364.3999999999942,LINEAR
2027,阿联酋,数据中心数量,401.89090909091465,LINEAR
2028,阿联酋,数据中心数量,439.3818181818351,LINEAR
2029,阿联酋,数据中心数量,476.87272727274103,LINEAR
2030,阿联酋,数据中心数量,514.3636363636615,LINEAR
2031,阿联酋,数据中心数量,551.854545454582,LINEAR
2032,阿联酋,数据中心数量,589.3454545454879,LINEAR
2033,阿联酋,数据中心数量,626.8363636364084,LINEAR
2034,阿联酋,数据中心数量,664.3272727273288,LINEAR
2035,阿联酋,数据中心数量,701.8181818182347,LINEAR
2026,韩国,数据中心数量,296.8430381781998,GM11
2027,韩国,数据中心数量,370.18914319333544,GM11
2028,韩国,数据中心数量,461.6581294251173,GM11
2029,韩国,数据中心数量,575.7279282309728,GM11
2030,韩国,数据中心数量,717.9829103364505,GM11
2031,韩国,数据中心数量,895.3872728029119,GM11
2032,韩国,数据中心数量,1116.6259764062434,GM11
2033,韩国,数据中心数量,1392.5299242662422,GM11
2034,韩国,数据中心数量,1736.606196658513,GM11
2035,韩国,数据中心数量,2165.6993000432994,GM11
2026,中国,电能生产,9297.971423487994,GM11
2027,中国,电能生产,9739.25993024517,GM11
2028,中国,电能生产,10201.492311459093,GM11
2029,中国,电能生产,10685.66257869036,GM11
2030,中国,电能生产,11192.811920013308,GM11
2031,中国,电能生产,11724.030939047836,GM11
2032,中国,电能生产,12280.462000257452,GM11
2033,中国,电能生产,12863.301685556187,GM11
2034,中国,电能生产,13473.803367508634,GM11
2035,中国,电能生产,14113.279904656112,GM11
2026,加拿大,电能生产,714.1591281762085,GM11
2027,加拿大,电能生产,708.3258946326823,GM11
2028,加拿大,电能生产,702.5403067919688,GM11
2029,加拿大,电能生产,696.8019754851412,GM11
2030,加拿大,电能生产,691.1105147220951,GM11
2031,加拿大,电能生产,685.4655416653841,GM11
2032,加拿大,电能生产,679.8666766046081,GM11
2033,加拿大,电能生产,674.3135429308604,GM11
2034,加拿大,电能生产,668.8057671113202,GM11
2035,加拿大,电能生产,663.3429786641791,GM11
2026,印度,电能生产,1978.5630007863801,GM11
2027,印度,电能生产,2042.1188172590846,GM11
2028,印度,电能生产,2107.716187023674,GM11
2029,印度,电能生产,2175.420689284045,GM11
2030,印度,电能生产,2245.300009792976,GM11
2031,印度,电能生产,2317.4240085192287,GM11
2032,印度,电能生产,2391.864789488216,GM11
2033,印度,电能生产,2468.696772865951,GM11
2034,印度,电能生产,2547.9967693586805,GM11
2035,印度,电能生产,2629.844057002294,GM11
2026,德国,电能生产,567.6061687590773,GM11
2027,德国,电能生产,560.8997589479332,GM11
2028,德国,电能生产,554.2725870574213,GM11
2029,德国,电能生产,547.7237168715656,GM11
2030,德国,电能生产,541.2522232360134,GM11
2031,德国,电能生产,534.8571919273309,GM11
2032,德国,电能生产,528.5377195238761,GM11
2033,德国,电能生产,522.2929132781501,GM11
2034,德国,电能生产,516.1218909907111,GM11
2035,德国,电能生产,510.02378088550176,GM11
2026,日本,电能生产,1003.5314327933302,GM11
2027,日本,电能生产,996.7648437234166,GM11
2028,日本,电能生产,990.0438802574354,GM11
2029,日本,电能生产,983.368234752008,GM11
2030,日本,电能生产,976.7376016382477,GM11
2031,日本,电能生产,970.1516774076445,GM11
2032,日本,电能生产,963.610160598153,GM11
2033,日本,电能生产,957.1127517803689,GM11
2034,日本,电能生产,950.6591535439366,GM11
2035,日本,电能生产,944.2490704839001,GM11
2026,法国,电能生产,520.0007518166676,GM11
2027,法国,电能生产,519.2494086306542,GM11
2028,法国,电能生产,518.499151051743,GM11
2029,法国,电能生产,517.7499775114702,GM11
2030,法国,电能生产,517.0018864436424,GM11
2031,法国,电能生产,516.2548762840452,GM11
2032,法国,电能生产,515.5089454710251,GM11
2033,法国,电能生产,514.7640924449079,GM11
2034,法国,电能生产,514.020315648464,GM11
2035,法国,电能生产,513.2776135267341,GM11
2026,美国,电能生产,4283.035948493169,GM11
2027,美国,电能生产,4308.828609183431,GM11
2028,美国,电能生产,4334.776594590396,GM11
2029,美国,电能生产,4360.880840087426,GM11
2030,美国,电能生产,4387.142286680988,GM11
2031,美国,电能生产,4413.561881043715,GM11
2032,美国,电能生产,4440.140575549682,GM11
2033,美国,电能生产,4466.879328308161,GM11
2034,美国,电能生产,4493.779103197972,GM11
2035,美国,电能生产,4520.84086990275,GM11
2026,英国,电能生产,326.8527875185828,GM11
2027,英国,电能生产,326.5355960888555,GM11
2028,英国,电能生产,326.218712474918,GM11
2029,英国,电能生产,325.9021363777574,GM11
2030,英国,电能生产,325.58586749923415,GM11
2031,英国,电能生产,325.26990554103395,GM11
2032,英国,电能生产,324.9542502053664,GM11
2033,英国,电能生产,324.63890119455755,GM11
2034,英国,电能生产,324.3238582116319,GM11
2035,英国,电能生产,324.0091209592647,GM11
2026,阿联酋,电能生产,188.51772705322492,GM11
2027,阿联酋,电能生产,197.19290455593637,GM11
2028,阿联酋,电能生产,206.26729493841594,GM11
2029,阿联酋,电能生产,215.7592691127602,GM11
2030,阿联酋,电能生产,225.68804338066002,GM11
2031,阿联酋,电能生产,236.07371833638626,GM11
2032,阿联酋,电能生产,246.93731956003012,GM11
2033,阿联酋,电能生产,258.3008401833331,GM11
2034,阿联酋,电能生产,270.1872854143321,GM11
2035,阿联酋,电能生产,282.6207191109079,GM11
2026,韩国,电能生产,609.9662085473537,GM11
2027,韩国,电能生产,613.7328016874671,GM11
2028,韩国,电能生产,617.5226538600837,GM11
2029,韩国,电能生产,621.3359086917335,GM11
2030,韩国,电能生产,625.1727106958133,GM11
2031,韩国,电能生产,629.0332052781014,GM11
2032,韩国,电能生产,632.9175387423165,GM11
2033,韩国,电能生产,636.825858295575,GM11
2034,韩国,电能生产,640.7583120539493,GM11
2035,韩国,电能生产,644.7150490482745,GM11
2026,中国,顶尖AI学者数量,396.12717010926326,GM11
2027,中国,顶尖AI学者数量,453.84464969756436,GM11
2028,中国,顶尖AI学者数量,519.9718211762447,GM11
2029,中国,顶尖AI学者数量,595.7340138250202,GM11
2030,中国,顶尖AI学者数量,682.5350928156854,GM11
2031,中国,顶尖AI学者数量,781.9834726807267,GM11
2032,中国,顶尖AI学者数量,895.9219210592873,GM11
2033,中国,顶尖AI学者数量,1026.4617049806693,GM11
2034,中国,顶尖AI学者数量,1176.0217124122564,GM11
2035,中国,顶尖AI学者数量,1347.3732739899006,GM11
2026,加拿大,顶尖AI学者数量,50.1333333333323,LINEAR
2027,加拿大,顶尖AI学者数量,52.90303030302948,LINEAR
2028,加拿大,顶尖AI学者数量,55.67272727272666,LINEAR
2029,加拿大,顶尖AI学者数量,58.44242424242384,LINEAR
2030,加拿大,顶尖AI学者数量,61.21212121212102,LINEAR
2031,加拿大,顶尖AI学者数量,63.9818181818182,LINEAR
2032,加拿大,顶尖AI学者数量,66.75151515151538,LINEAR
2033,加拿大,顶尖AI学者数量,69.52121212121256,LINEAR
2034,加拿大,顶尖AI学者数量,72.29090909090974,LINEAR
2035,加拿大,顶尖AI学者数量,75.06060606060691,LINEAR
2026,印度,顶尖AI学者数量,14.990544012130684,GM11
2027,印度,顶尖AI学者数量,17.738862607972067,GM11
2028,印度,顶尖AI学者数量,20.991049182062625,GM11
2029,印度,顶尖AI学者数量,24.839481284766748,GM11
2030,印度,顶尖AI学者数量,29.393472672319803,GM11
2031,印度,顶尖AI学者数量,34.782378336872085,GM11
2032,印度,顶尖AI学者数量,41.159268802852495,GM11
2033,印度,顶尖AI学者数量,48.70527805712473,GM11
2034,印度,顶尖AI学者数量,57.63474861481086,GM11
2035,印度,顶尖AI学者数量,68.20131986509693,GM11
2026,德国,顶尖AI学者数量,54.0666666666657,LINEAR
2027,德国,顶尖AI学者数量,56.89696969696888,LINEAR
2028,德国,顶尖AI学者数量,59.727272727272066,LINEAR
2029,德国,顶尖AI学者数量,62.55757575757525,LINEAR
2030,德国,顶尖AI学者数量,65.38787878787844,LINEAR
2031,德国,顶尖AI学者数量,68.21818181818162,LINEAR
2032,德国,顶尖AI学者数量,71.0484848484848,LINEAR
2033,德国,顶尖AI学者数量,73.87878787878799,LINEAR
2034,德国,顶尖AI学者数量,76.70909090909117,LINEAR
2035,德国,顶尖AI学者数量,79.53939393939527,LINEAR
2026,日本,顶尖AI学者数量,22.414033781276032,GM11
2027,日本,顶尖AI学者数量,23.84685832453323,GM11
2028,日本,顶尖AI学者数量,25.37127665192554,GM11
2029,日本,顶尖AI学者数量,26.993143926481878,GM11
2030,日本,顶尖AI学者数量,28.718689604468977,GM11
2031,日本,顶尖AI学者数量,30.554541362212035,GM11
2032,日本,顶尖AI学者数量,32.5077505524435,GM11
2033,日本,顶尖AI学者数量,34.58581928795752,GM11
2034,日本,顶尖AI学者数量,36.796729256596905,GM11
2035,日本,顶尖AI学者数量,39.148972378247436,GM11
2026,法国,顶尖AI学者数量,30.43862993855305,GM11
2027,法国,顶尖AI学者数量,33.25527464501948,GM11
2028,法国,顶尖AI学者数量,36.33255813248479,GM11
2029,法国,顶尖AI学者数量,39.6945986626543,GM11
2030,法国,顶尖AI学者数量,43.36774628540138,GM11
2031,法国,顶尖AI学者数量,47.38078935773217,GM11
2032,法国,顶尖AI学者数量,51.76518017302385,GM11
2033,法国,顶尖AI学者数量,56.555281468908674,GM11
2034,法国,顶尖AI学者数量,61.788635745815895,GM11
2035,法国,顶尖AI学者数量,67.50625950695633,GM11
2026,美国,顶尖AI学者数量,1192.6666666666279,LINEAR
2027,美国,顶尖AI学者数量,1231.3878787878493,LINEAR
2028,美国,顶尖AI学者数量,1270.1090909090562,LINEAR
2029,美国,顶尖AI学者数量,1308.8303030302632,LINEAR
2030,美国,顶尖AI学者数量,1347.5515151514846,LINEAR
2031,美国,顶尖AI学者数量,1386.2727272726916,LINEAR
2032,美国,顶尖AI学者数量,1424.9939393938985,LINEAR
2033,美国,顶尖AI学者数量,1463.71515151512,LINEAR
2034,美国,顶尖AI学者数量,1502.4363636363269,LINEAR
2035,美国,顶尖AI学者数量,1541.1575757575483,LINEAR
2026,英国,顶尖AI学者数量,71.20000000000073,LINEAR
2027,英国,顶尖AI学者数量,74.70909090909117,LINEAR
2028,英国,顶尖AI学者数量,78.21818181818253,LINEAR
2029,英国,顶尖AI学者数量,81.72727272727388,LINEAR
2030,英国,顶尖AI学者数量,85.23636363636524,LINEAR
2031,英国,顶尖AI学者数量,88.7454545454566,LINEAR
2032,英国,顶尖AI学者数量,92.25454545454795,LINEAR
2033,英国,顶尖AI学者数量,95.7636363636393,LINEAR
2034,英国,顶尖AI学者数量,99.27272727273066,LINEAR
2035,英国,顶尖AI学者数量,102.78181818182111,LINEAR
2026,阿联酋,顶尖AI学者数量,15.058850334769915,GM11
2027,阿联酋,顶尖AI学者数量,18.459364769778716,GM11
2028,阿联酋,顶尖AI学者数量,22.627766405047595,GM11
2029,阿联酋,顶尖AI学者数量,27.737455696182153,GM11
2030,阿联酋,顶尖AI学者数量,34.00098952435897,GM11
2031,阿联酋,顶尖AI学者数量,41.678923304948086,GM11
2032,阿联酋,顶尖AI学者数量,51.09064977697852,GM11
2033,阿联酋,顶尖AI学者数量,62.62768535395418,GM11
2034,阿联酋,顶尖AI学者数量,76.76995673210763,GM11
2035,阿联酋,顶尖AI学者数量,94.1057652592541,GM11
2026,韩国,顶尖AI学者数量,19.582737134781098,GM11
2027,韩国,顶尖AI学者数量,22.00768804555939,GM11
2028,韩国,顶尖AI学者数量,24.73292317499471,GM11
2029,韩国,顶尖AI学者数量,27.795627033327435,GM11
2030,韩国,顶尖AI学者数量,31.23758872776324,GM11
2031,韩国,顶尖AI学者数量,35.105772154551175,GM11
2032,韩国,顶尖AI学者数量,39.452956798548314,GM11
2033,韩国,顶尖AI学者数量,44.338457883665455,GM11
2034,韩国,顶尖AI学者数量,49.82893570029978,GM11
2035,韩国,顶尖AI学者数量,55.99930515263429,GM11
